{
    "areas": [
        "6",
        "20",
        "5",
        "7",
        "26",
        "25",
        "39",
        "17",
        "12",
        "16",
        "3",
        "8",
        "38",
        "4",
        "11",
        "10"
    ],
    "areas_nomes": [
        "",
        "Bloco A (Prédio Adm.)",
        "Bloco B (Antigo Pav 1)",
        "Bloco D (Antigo Pav 2)",
        "Bloco E (Eletrotécnica)",
        "Bloco F (Física)",
        "Bloco G (Canteiro de Obras)",
        "Bloco H (Mecânica)",
        "Bloco K (Biblioteca)",
        "Bloco L (Metalurgia)",
        "Bloco O (Antigo Pav 7)",
        "Bloco P  (Antigo Pav 8)",
        "Labs Automação",
        "Labs Informática (1 - 4)",
        "Labs Química",
        "LAFIR"
    ],
    "dados": {
        "1": {
            "horarios": {},
            "nomeArea": "Bloco A (Prédio Adm.)",
            "nomeSala": "A-207 LAPEG (10)",
            "total_alocacoes": 0,
            "total_horarios": 0,
            "total_salas": 0
        },
        "10": {
            "horarios": {
                "15:20": "1831 - Inglês (G1) - Deise Medina",
                "18:40": "3932 - Inglês - Marcos Fernando",
                "20:20": "3912 - Inglês I - Marcos Fernando"
            },
            "nomeArea": "Bloco B (Antigo Pav 1)",
            "nomeSala": "B-106(S 01) (35)",
            "total_alocacoes": 0,
            "total_horarios": 0,
            "total_salas": 0
        },
        "100": {
            "horarios": {
                "07:00": "6821 - Sociologia - Rogério Lustosa",
                "08:40": "6821 - Matemática - Angela Mirante",
                "10:20": "6821 - Filosofia - Ana Livia Braga",
                "12:50": "Profª Cleidiane Araújo - Matemática",
                "17:00": "ENG514 T01 - Luis Filipe",
                "17:50": "5831 - Física - José Claudio"
            },
            "nomeArea": "Bloco O (Antigo Pav 7)",
            "nomeSala": "O-118 LAMMC",
            "total_alocacoes": 0,
            "total_horarios": 0,
            "total_salas": 0
        },
        "101": {
            "horarios": {
                "11:10": "2821 - Física - George Luiz",
                "17:00": "INF024 T01 - Domingos Mainart",
                "18:40": "ADM517 T01 - Eduardo Seixas"
            },
            "nomeArea": "Bloco O (Antigo Pav 7)",
            "nomeSala": "O-119",
            "total_alocacoes": 0,
            "total_horarios": 0,
            "total_salas": 0
        },
        "102": {
            "horarios": {
                "09:30": "11812 - Sociologia - Substituto",
                "11:10": "5822 - Física - Elinoel Valverde",
                "18:40": "ADM519 T01 - Andre Souza"
            },
            "nomeArea": "Bloco O (Antigo Pav 7)",
            "nomeSala": "O-120 ITCP (30)",
            "total_alocacoes": 0,
            "total_horarios": 0,
            "total_salas": 0
        },
        "103": {
            "horarios": {
                "09:30": "5821 - Português - Gisélia Evangelista",
                "13:40": "5831 - História - Sônia Brito",
                "18:40": "EDU154 T02 - Saulo Assis",
                "20:20": "MAT227 T01 - Isabel Leite"
            },
            "nomeArea": "Bloco O (Antigo Pav 7)",
            "nomeSala": "O-203(S 06) (50)",
            "total_alocacoes": 0,
            "total_horarios": 0,
            "total_salas": 0
        },
        "104": {
            "horarios": {
                "07:00": "9822 - Matemática - Vitor Rios",
                "08:40": "11811 - Matemática - Cecília Almeida",
                "10:20": "11811 - Sociologia - Substituto",
                "13:40": "Monitoria de Física - Márcio dos Santos",
                "17:00": "6832 - Português - Elisângela Passos",
                "18:40": "HUM151\tT01 - Daniel Romero",
                "20:20": "ENG521 T01 - Maria Aparecida"
            },
            "nomeArea": "Bloco O (Antigo Pav 7)",
            "nomeSala": "O-204(S 07) (40)",
            "total_alocacoes": 0,
            "total_horarios": 0,
            "total_salas": 0
        },
        "105": {
            "horarios": {
                "07:00": "11812 - Português - Waleska Moura",
                "10:20": "9822 - SMS - Samara Andrade",
                "18:40": "MAT224 T02 - Edmary Barreto",
                "20:20": "5841 - OPU - Edgard Bacic"
            },
            "nomeArea": "Bloco O (Antigo Pav 7)",
            "nomeSala": "O-205(S 08) (40)",
            "total_alocacoes": 0,
            "total_horarios": 0,
            "total_salas": 0
        },
        "106": {
            "horarios": {
                "07:00": "11813 - Sociologia - Theo Barreto",
                "08:40": "9822 - Filosofia - Ronaldo Pimentel",
                "10:20": "5832 - Matemática - Cleide Brasil",
                "13:40": "6832 - Geografia - Joilson Cruz",
                "15:20": "5831 - Filosofia - Jeudy Aragão",
                "17:00": "5831 - Matemática - Nelson Filho",
                "18:40": "MAT219 T01 - Ives Lima",
                "20:20": "2922 - HST - Jorge Cajazeira"
            },
            "nomeArea": "Bloco O (Antigo Pav 7)",
            "nomeSala": "O-206(S 09) (40)",
            "total_alocacoes": 0,
            "total_horarios": 0,
            "total_salas": 0
        },
        "107": {
            "horarios": {
                "07:00": "2822 - Português - José Gomes",
                "08:40": "2822 - Matemática - Fernanda Silva",
                "10:20": "2822 - Física - Paulo Vicente",
                "13:40": "9832 - Sociologia - Wagner Vinhas",
                "15:20": "6832 - História - Vanderlei Marinho",
                "18:40": "5842 - ED - Letícia Lessa",
                "20:20": "5842 - Filosofia - Maurício Uzêda"
            },
            "nomeArea": "Bloco O (Antigo Pav 7)",
            "nomeSala": "O-207(S 10) (40)",
            "total_alocacoes": 0,
            "total_horarios": 0,
            "total_salas": 0
        },
        "108": {
            "horarios": {
                "07:00": "2821 - Matemática - Cleidiane Brito",
                "08:40": "2821 - Português - Rodrigo Dultra",
                "15:20": "9832 - Geografia - Joilson Cruz",
                "18:40": "MAT214 T01 / MAT226 T01 - Ives Lima",
                "20:20": "MAT224 T03 - Ives Lima"
            },
            "nomeArea": "Bloco O (Antigo Pav 7)",
            "nomeSala": "O-208(S 11) (40)",
            "total_alocacoes": 0,
            "total_horarios": 0,
            "total_salas": 0
        },
        "109": {
            "horarios": {
                "07:00": "5821 - Equipamentos - Igor",
                "10:20": "5821 - Biologia - Lídice Paraguassu",
                "17:00": "5842 - Geografia - Elaynne França"
            },
            "nomeArea": "Bloco O (Antigo Pav 7)",
            "nomeSala": "O-209(S 12) (60)",
            "total_alocacoes": 0,
            "total_horarios": 0,
            "total_salas": 0
        },
        "11": {
            "horarios": {
                "10:20": "Profª Ana Carolina - ESTGEO",
                "17:00": "ENG501 T01 - Maria Aparecida",
                "18:40": "MAT250 T01 - Daniela Cunha",
                "20:20": "5942 - OQE - Patrícia Seixas"
            },
            "nomeArea": "Bloco B (Antigo Pav 1)",
            "nomeSala": "B-107(S 02) (35)",
            "total_alocacoes": 0,
            "total_horarios": 0,
            "total_salas": 0
        },
        "110": {
            "horarios": {},
            "nomeArea": "Bloco P  (Antigo Pav 8)",
            "nomeSala": "PS-09 Artes (30)",
            "total_alocacoes": 0,
            "total_horarios": 0,
            "total_salas": 0
        },
        "111": {
            "horarios": {
                "18:40": "ENG423 T01 - Antonio Aguiar"
            },
            "nomeArea": "Bloco P  (Antigo Pav 8)",
            "nomeSala": "Sala de Artes Visuais",
            "total_alocacoes": 0,
            "total_horarios": 0,
            "total_salas": 0
        },
        "112": {
            "horarios": {
                "08:40": "8814 - Artes  - Elenildo Café",
                "10:20": "1811 - Artes - Heitor Guerra"
            },
            "nomeArea": "Bloco P  (Antigo Pav 8)",
            "nomeSala": "Sala de Artes Visuais.2",
            "total_alocacoes": 0,
            "total_horarios": 0,
            "total_salas": 0
        },
        "113": {
            "horarios": {},
            "nomeArea": "Bloco P  (Antigo Pav 8)",
            "nomeSala": "Sala de Artes Visuais.3",
            "total_alocacoes": 0,
            "total_horarios": 0,
            "total_salas": 0
        },
        "114": {
            "horarios": {
                "07:00": "5813 - Artes - Elenildo Café",
                "13:40": "11813 - Artes - Heitor Guerra"
            },
            "nomeArea": "Bloco P  (Antigo Pav 8)",
            "nomeSala": "Sala de Dança",
            "total_alocacoes": 0,
            "total_horarios": 0,
            "total_salas": 0
        },
        "115": {
            "horarios": {},
            "nomeArea": "Bloco P  (Antigo Pav 8)",
            "nomeSala": "Sala de Música",
            "total_alocacoes": 0,
            "total_horarios": 0,
            "total_salas": 0
        },
        "116": {
            "horarios": {},
            "nomeArea": "Bloco P  (Antigo Pav 8)",
            "nomeSala": "Sala de Teatro",
            "total_alocacoes": 0,
            "total_horarios": 0,
            "total_salas": 0
        },
        "117": {
            "horarios": {},
            "nomeArea": "Bloco P  (Antigo Pav 8)",
            "nomeSala": "P-018 (40)",
            "total_alocacoes": 0,
            "total_horarios": 0,
            "total_salas": 0
        },
        "118": {
            "horarios": {
                "07:00": "10811 - Física - Marcus Fernandes",
                "08:40": "10811 - MIN (T) - Adriana Sanches",
                "10:20": "10811 - GG (T) - Priscila Gonçalves"
            },
            "nomeArea": "Bloco P  (Antigo Pav 8)",
            "nomeSala": "Lab de Geotec",
            "total_alocacoes": 0,
            "total_horarios": 0,
            "total_salas": 0
        },
        "119": {
            "horarios": {
                "07:00": "10841 - Campo II - José Torres",
                "09:30": "9832 - ELET DIG (G2) - Mário Sérgio",
                "13:40": "10831 - Geotec (G2) - Priscila Gonçalves",
                "15:20": "10831 - Geotec (G2) - Priscila Gonçalves"
            },
            "nomeArea": "Bloco P  (Antigo Pav 8)",
            "nomeSala": "P001 - LabInfo EngQui",
            "total_alocacoes": 0,
            "total_horarios": 0,
            "total_salas": 0
        },
        "12": {
            "horarios": {
                "10:20": "2832 - ONQ - Carlos Alberto",
                "13:40": "2832 - Matemática - Cleide Brasil",
                "18:40": "ADM520 T01 - José Rubens",
                "20:20": "ADM511 T01 - José Rubens"
            },
            "nomeArea": "Bloco B (Antigo Pav 1)",
            "nomeSala": "B-108(S 03) (35)",
            "total_alocacoes": 0,
            "total_horarios": 0,
            "total_salas": 0
        },
        "120": {
            "horarios": {},
            "nomeArea": "Bloco P  (Antigo Pav 8)",
            "nomeSala": "Lab. informática EE (20)",
            "total_alocacoes": 0,
            "total_horarios": 0,
            "total_salas": 0
        },
        "121": {
            "horarios": {},
            "nomeArea": "Bloco P  (Antigo Pav 8)",
            "nomeSala": "Lab. 01 Eletrônica",
            "total_alocacoes": 0,
            "total_horarios": 0,
            "total_salas": 0
        },
        "122": {
            "horarios": {
                "07:00": "9832 - ELET DIG (G1) - Mário Sérgio",
                "17:00": "5841 - AUTOMAÇÃO (G2) - Sylvio",
                "18:40": "5841 - AUTOMAÇÃO (G1) - Sylvio"
            },
            "nomeArea": "Bloco P  (Antigo Pav 8)",
            "nomeSala": "Lab. 02 Eletrônica",
            "total_alocacoes": 0,
            "total_horarios": 0,
            "total_salas": 0
        },
        "123": {
            "horarios": {},
            "nomeArea": "Bloco P  (Antigo Pav 8)",
            "nomeSala": "Lab. 03 Eletrônica",
            "total_alocacoes": 0,
            "total_horarios": 0,
            "total_salas": 0
        },
        "124": {
            "horarios": {
                "18:40": "9932 - TEL - Luiz Anselmo"
            },
            "nomeArea": "Bloco P  (Antigo Pav 8)",
            "nomeSala": "Lab. 04 Eletrônica",
            "total_alocacoes": 0,
            "total_horarios": 0,
            "total_salas": 0
        },
        "125": {
            "horarios": {
                "18:40": "9922 - EAN - Josemir Alexandrino"
            },
            "nomeArea": "Bloco P  (Antigo Pav 8)",
            "nomeSala": "Lab. 05 Eletrônica",
            "total_alocacoes": 0,
            "total_horarios": 0,
            "total_salas": 0
        },
        "126": {
            "horarios": {
                "13:40": "5832 - Eletrônica Analógica (G2) -  Thales Faria",
                "15:20": "5832 - Eletrônica Analógica (G1) - Thales Faria",
                "16:10": "9841 - SVD (G3) - César Eduardo",
                "18:40": "5932 - Eletrônica Analógica (P) - Thales Faria"
            },
            "nomeArea": "Bloco P  (Antigo Pav 8)",
            "nomeSala": "Lab. 06",
            "total_alocacoes": 0,
            "total_horarios": 0,
            "total_salas": 0
        },
        "127": {
            "horarios": {
                "09:30": "9832 - ELET POT (G1) - Carlos Aníbal"
            },
            "nomeArea": "Bloco P  (Antigo Pav 8)",
            "nomeSala": "Lab. 07 Eletrônica",
            "total_alocacoes": 0,
            "total_horarios": 0,
            "total_salas": 0
        },
        "128": {
            "horarios": {
                "16:10": "9841 - SMP (G1) - Raimundo Jorge"
            },
            "nomeArea": "Bloco P  (Antigo Pav 8)",
            "nomeSala": "Lab. 08 Eletrônica",
            "total_alocacoes": 0,
            "total_horarios": 0,
            "total_salas": 0
        },
        "129": {
            "horarios": {
                "17:00": "2841 - Eletrônica Geral (G2) - Eduardo Allatta",
                "18:40": "5942 - Eletrônica Industrial - Eduardo Allatta"
            },
            "nomeArea": "Bloco P  (Antigo Pav 8)",
            "nomeSala": "Lab. 09 Eletrônica",
            "total_alocacoes": 0,
            "total_horarios": 0,
            "total_salas": 0
        },
        "13": {
            "horarios": {
                "08:40": "T:11831 profª Nívia  Maria - português",
                "13:40": "8822 - Sociologia - Theo Barreto",
                "15:20": "Turma:6811 profº Wagner Vinhas - sociologia",
                "18:40": "MAT233 T01 - Reinaldo Lima",
                "20:20": "INF405 T01 - Jowaner Araújo"
            },
            "nomeArea": "Bloco B (Antigo Pav 1)",
            "nomeSala": "B-109(S 04) (35)",
            "total_alocacoes": 0,
            "total_horarios": 0,
            "total_salas": 0
        },
        "130": {
            "horarios": {
                "07:00": "9832 - ELET POT (G2) - Carlos Aníbal",
                "15:20": "2841 - Eletrônica Geral (G1) - Eduardo Allatta",
                "18:40": "9942 - RGM - Antônio Santos",
                "20:20": "13722 - Informática - Paulo Brito"
            },
            "nomeArea": "Bloco P  (Antigo Pav 8)",
            "nomeSala": "Lab. 10 Eletrônica",
            "total_alocacoes": 0,
            "total_horarios": 0,
            "total_salas": 0
        },
        "131": {
            "horarios": {},
            "nomeArea": "Bloco P  (Antigo Pav 8)",
            "nomeSala": "Lab. 12",
            "total_alocacoes": 0,
            "total_horarios": 0,
            "total_salas": 0
        },
        "132": {
            "horarios": {
                "17:00": "ENG403 T01 - Leonardo Maia"
            },
            "nomeArea": "Bloco P  (Antigo Pav 8)",
            "nomeSala": "P-102 Lab de Autocad",
            "total_alocacoes": 0,
            "total_horarios": 0,
            "total_salas": 0
        },
        "133": {
            "horarios": {
                "18:40": "2932 - INF. APLIC. (G2) - Francismari Noronha"
            },
            "nomeArea": "Bloco P  (Antigo Pav 8)",
            "nomeSala": "P-103 (Coordenação) (30)",
            "total_alocacoes": 0,
            "total_horarios": 0,
            "total_salas": 0
        },
        "134": {
            "horarios": {
                "17:00": "EVE107 T01 - Paula Mara",
                "18:40": "MAT215 T02 - Lurimar Smera"
            },
            "nomeArea": "Bloco P  (Antigo Pav 8)",
            "nomeSala": "DSPLAB",
            "total_alocacoes": 0,
            "total_horarios": 0,
            "total_salas": 0
        },
        "135": {
            "horarios": {
                "10:20": "10831 - EST GEO - Ana Carolina",
                "18:40": "ENG468 T01 -  Juarez Caetano"
            },
            "nomeArea": "Bloco P  (Antigo Pav 8)",
            "nomeSala": "Lab Turismo (P-104)",
            "total_alocacoes": 0,
            "total_horarios": 0,
            "total_salas": 0
        },
        "136": {
            "horarios": {
                "13:40": "EVE119 T01 - Chelly Costa",
                "18:40": "ADM553 / INF032 T01 / T02 - Jowaner Araújo"
            },
            "nomeArea": "Bloco P  (Antigo Pav 8)",
            "nomeSala": "Lab. de Geoproc",
            "total_alocacoes": 0,
            "total_horarios": 0,
            "total_salas": 0
        },
        "137": {
            "horarios": {
                "13:40": "10821 - IA (T) - Patrícia Santana"
            },
            "nomeArea": "Bloco P  (Antigo Pav 8)",
            "nomeSala": "Lab. de Mineralogia",
            "total_alocacoes": 0,
            "total_horarios": 0,
            "total_salas": 0
        },
        "138": {
            "horarios": {},
            "nomeArea": "Bloco P  (Antigo Pav 8)",
            "nomeSala": "Lab. de Petrog",
            "total_alocacoes": 0,
            "total_horarios": 0,
            "total_salas": 0
        },
        "139": {
            "horarios": {},
            "nomeArea": "Labs Automação",
            "nomeSala": "Lab de Automação",
            "total_alocacoes": 0,
            "total_horarios": 0,
            "total_salas": 0
        },
        "14": {
            "horarios": {
                "10:20": "1831 - História - Sônia Brito",
                "12:50": "Turma:8811 profª Viviana - química",
                "13:40": "6831 - Química - Lucas Wolf",
                "17:00": "1812 - Português - Wesley Correia",
                "17:50": "1831 - Matemática - Cleide Brasil",
                "20:20": "GEO124 T01 - Ubiraci Carlucio"
            },
            "nomeArea": "Bloco B (Antigo Pav 1)",
            "nomeSala": "B-110(S 05) (50)",
            "total_alocacoes": 0,
            "total_horarios": 0,
            "total_salas": 0
        },
        "140": {
            "horarios": {
                "17:00": "5841 - ED (G1) - Vitor Leão",
                "18:40": "5841 - ED (G2) - Vitor Leão"
            },
            "nomeArea": "Labs Automação",
            "nomeSala": "Lab de Controle I",
            "total_alocacoes": 0,
            "total_horarios": 0,
            "total_salas": 0
        },
        "141": {
            "horarios": {
                "13:40": "5832 - CONTROLE I (G1) - José Antônio",
                "15:20": "5832 - CONTROLE I (G2) - José Antônio"
            },
            "nomeArea": "Labs Automação",
            "nomeSala": "Lab de Controle II",
            "total_alocacoes": 0,
            "total_horarios": 0,
            "total_salas": 0
        },
        "142": {
            "horarios": {
                "20:20": "5932 - Projetos de Automação - Antônio Simões",
                "21:10": "5932 - Controle (T) - Sylvio"
            },
            "nomeArea": "Labs Automação",
            "nomeSala": "Lab de EFC",
            "total_alocacoes": 0,
            "total_horarios": 0,
            "total_salas": 0
        },
        "143": {
            "horarios": {
                "18:40": "5922 - EFC (P) - Antônio Simões"
            },
            "nomeArea": "Labs Automação",
            "nomeSala": "Lab de Equipamentos",
            "total_alocacoes": 0,
            "total_horarios": 0,
            "total_salas": 0
        },
        "144": {
            "horarios": {
                "20:20": "5922 - Processos. Equip. - Márcia Queiroz"
            },
            "nomeArea": "Labs Automação",
            "nomeSala": "Lab de MVI",
            "total_alocacoes": 0,
            "total_horarios": 0,
            "total_salas": 0
        },
        "145": {
            "horarios": {},
            "nomeArea": "Labs Automação",
            "nomeSala": "Lab Pró-funcionário",
            "total_alocacoes": 0,
            "total_horarios": 0,
            "total_salas": 0
        },
        "146": {
            "horarios": {},
            "nomeArea": "Labs Informática (1 - 4)",
            "nomeSala": "Lab. 1 (20)",
            "total_alocacoes": 0,
            "total_horarios": 0,
            "total_salas": 0
        },
        "147": {
            "horarios": {
                "07:00": "DMMDC",
                "08:40": "6813 - Matematica - Cleidiane Araújo",
                "10:20": "2811 - Informática - Viviane Goes",
                "13:40": "ESTUDOS ADS",
                "15:20": "Monitoria - Lógica de Programação",
                "18:40": "INF020 T01 - Allan Edgard",
                "20:20": "INF022 T01 - Renato Novais"
            },
            "nomeArea": "Labs Informática (1 - 4)",
            "nomeSala": "Lab. 2 (40)",
            "total_alocacoes": 0,
            "total_horarios": 0,
            "total_salas": 0
        },
        "148": {
            "horarios": {
                "07:00": "Prof Vitor Rios - 9822",
                "08:40": "5812 - Informática - Ana Carolina Sokolonski",
                "10:20": "9813 - Informática -  Ana Carolina Sokolonski",
                "13:40": "8814 - Informática - Viviane Góes",
                "17:00": "INF007 T01 - Grinaldo Lopes",
                "18:40": "INF029 T01 - Renato Lima",
                "20:20": "5912 - Informática - Luiz Machado"
            },
            "nomeArea": "Labs Informática (1 - 4)",
            "nomeSala": "Lab. 3 (40)",
            "total_alocacoes": 0,
            "total_horarios": 0,
            "total_salas": 0
        },
        "149": {
            "horarios": {
                "07:00": "6812 - Informática - Ana Carolina Sokolonski",
                "08:40": "1831 - Leandro Ferreira - Autocad",
                "10:20": "1832 - Leandro Ferreira - Autocad",
                "13:40": "1812 - Matematica - Cleidiane Araújo",
                "15:20": "EVE110 T01 - Chelly Costa",
                "17:00": "INF010 P01 - Pablo Vieira",
                "18:40": "INF008 P01 - Frederico Barboza",
                "20:20": "INF027 P01 - Frederico Barboza"
            },
            "nomeArea": "Labs Informática (1 - 4)",
            "nomeSala": "Lab. 4 (40)",
            "total_alocacoes": 0,
            "total_horarios": 0,
            "total_salas": 0
        },
        "15": {
            "horarios": {
                "10:20": "6811 - Português - Waleska Moura",
                "14:30": "9841 - Filosofia - Maurício Uzêda",
                "15:20": "6831 - Português - Erika Fonseca",
                "17:00": "6831 - Geografia - Nilton Santana",
                "18:40": "FIS211 T02 - Ebenezer Cavalcanti",
                "20:20": "FIS211 T01 - Ebenezer Cavalcanti"
            },
            "nomeArea": "Bloco B (Antigo Pav 1)",
            "nomeSala": "B-205(S 06) (45)",
            "total_alocacoes": 0,
            "total_horarios": 0,
            "total_salas": 0
        },
        "150": {
            "horarios": {},
            "nomeArea": "Labs Química",
            "nomeSala": "LAB 04",
            "total_alocacoes": 0,
            "total_horarios": 0,
            "total_salas": 0
        },
        "151": {
            "horarios": {
                "09:30": "8811 - Quimica (G1) - Edeilza Lopes",
                "18:40": "13742 - Química - Joseina Moutinho"
            },
            "nomeArea": "Labs Química",
            "nomeSala": "LAB 05",
            "total_alocacoes": 0,
            "total_horarios": 0,
            "total_salas": 0
        },
        "152": {
            "horarios": {
                "19:30": "8841 - Análise Instrumental I (G1) - Rita Nano"
            },
            "nomeArea": "Labs Química",
            "nomeSala": "LAB 06",
            "total_alocacoes": 0,
            "total_horarios": 0,
            "total_salas": 0
        },
        "153": {
            "horarios": {
                "17:00": "8841 - Análise Instrumental I (G2) - Rita Nano",
                "19:30": "8841 - Análise Instrumental II (G2) - Wagna Piler"
            },
            "nomeArea": "Labs Química",
            "nomeSala": "LAB 07",
            "total_alocacoes": 0,
            "total_horarios": 0,
            "total_salas": 0
        },
        "154": {
            "horarios": {
                "17:00": "8841 - Análise Instrumental II (G1) - Wagna Piler"
            },
            "nomeArea": "Labs Química",
            "nomeSala": "LAB 08",
            "total_alocacoes": 0,
            "total_horarios": 0,
            "total_salas": 0
        },
        "155": {
            "horarios": {
                "09:30": "8811 - Quimica (G2) - Paulo Daniel"
            },
            "nomeArea": "Labs Química",
            "nomeSala": "LAB 09",
            "total_alocacoes": 0,
            "total_horarios": 0,
            "total_salas": 0
        },
        "156": {
            "horarios": {
                "13:40": "8832 - Química Analítica (G2) - Marcos Paulo",
                "16:10": "8832 - Química Analítica (G1) - Marcos Paulo"
            },
            "nomeArea": "Labs Química",
            "nomeSala": "LAB 10",
            "total_alocacoes": 0,
            "total_horarios": 0,
            "total_salas": 0
        },
        "157": {
            "horarios": {
                "09:30": "8811 - Quimica (G3) -"
            },
            "nomeArea": "Labs Química",
            "nomeSala": "LAB 11",
            "total_alocacoes": 0,
            "total_horarios": 0,
            "total_salas": 0
        },
        "158": {
            "horarios": {},
            "nomeArea": "LAFIR",
            "nomeSala": "LAB. 1",
            "total_alocacoes": 0,
            "total_horarios": 0,
            "total_salas": 0
        },
        "16": {
            "horarios": {
                "10:20": "PROVA INFORMÁTICA 9813",
                "17:00": "MAT213 T01 - Luiz Vasquez",
                "18:40": "3912 - IT - Biagio Avena",
                "20:20": "ENG522 T01 - Luiz Pimentel"
            },
            "nomeArea": "Bloco B (Antigo Pav 1)",
            "nomeSala": "B-206(S 07) (30)",
            "total_alocacoes": 0,
            "total_horarios": 0,
            "total_salas": 0
        },
        "17": {
            "horarios": {
                "10:20": "2811 - Infomática - Viviane Góes",
                "18:40": "ADM590 T01 - Jorge Cajazeira",
                "20:20": "LET111 T02 - Maria da Conceição"
            },
            "nomeArea": "Bloco B (Antigo Pav 1)",
            "nomeSala": "B-207(S 08) (35)",
            "total_alocacoes": 0,
            "total_horarios": 0,
            "total_salas": 0
        },
        "18": {
            "horarios": {
                "12:50": "Profº José Gomes - Português",
                "18:40": "GEO123 T01 - Ubiraci Carlucio",
                "20:20": "INF006 T01 - Allan Edgard"
            },
            "nomeArea": "Bloco B (Antigo Pav 1)",
            "nomeSala": "B-208(S 09) (50)",
            "total_alocacoes": 0,
            "total_horarios": 0,
            "total_salas": 0
        },
        "19": {
            "horarios": {
                "07:00": "PROVA INFORMÁTICA 6812",
                "08:40": "6812 - História - Erivaldo Nunes",
                "10:20": "6812 - Matemática - Silvia Costa",
                "17:00": "11831 - Sociologia - Wagner Vinhas",
                "18:40": "MAT223 T03 - Ives Lima",
                "20:20": "ADM500 / ADM520 T03 - Fabio Rossetti"
            },
            "nomeArea": "Bloco B (Antigo Pav 1)",
            "nomeSala": "B-209(S 10) (50)",
            "total_alocacoes": 0,
            "total_horarios": 0,
            "total_salas": 0
        },
        "2": {
            "horarios": {
                "20:20": "GEO121 T01 - Hingryd Freitas"
            },
            "nomeArea": "Bloco A (Prédio Adm.)",
            "nomeSala": "A-211",
            "total_alocacoes": 0,
            "total_horarios": 0,
            "total_salas": 0
        },
        "20": {
            "horarios": {},
            "nomeArea": "Bloco D (Antigo Pav 2)",
            "nomeSala": "D-007 Lab Topografia",
            "total_alocacoes": 0,
            "total_horarios": 0,
            "total_salas": 0
        },
        "21": {
            "horarios": {
                "07:50": "1822 - Topografia (G2) - Cléa Queiroz"
            },
            "nomeArea": "Bloco D (Antigo Pav 2)",
            "nomeSala": "D-008 Lab Solos",
            "total_alocacoes": 0,
            "total_horarios": 0,
            "total_salas": 0
        },
        "22": {
            "horarios": {
                "20:20": "13752 - SSAMB/SLU - Virginia Neves"
            },
            "nomeArea": "Bloco D (Antigo Pav 2)",
            "nomeSala": "D-010 Lab Ensaios",
            "total_alocacoes": 0,
            "total_horarios": 0,
            "total_salas": 0
        },
        "23": {
            "horarios": {
                "18:40": "13772 - Orç. Plan. Obras - Jenner Carvalho",
                "21:10": "5842 - Sociologia - Marcilene Garcia"
            },
            "nomeArea": "Bloco D (Antigo Pav 2)",
            "nomeSala": "D-101  Audio I (60)",
            "total_alocacoes": 0,
            "total_horarios": 0,
            "total_salas": 0
        },
        "24": {
            "horarios": {
                "08:40": "11821 - Português - José Gomes",
                "09:30": "2811 - Filosofia - Ana Lívia Braga",
                "10:20": "11821 - Sociologia - Rogério Lustosa",
                "19:30": "1842 - Sociologia - Marcilene Garcia",
                "21:10": "8842 - TQ - Laio Damasceno"
            },
            "nomeArea": "Bloco D (Antigo Pav 2)",
            "nomeSala": "D-102(S 01) (35)",
            "total_alocacoes": 0,
            "total_horarios": 0,
            "total_salas": 0
        },
        "25": {
            "horarios": {
                "07:00": "11821 - Química - Aline Mendes",
                "07:50": "6813 - Sociologia - Substituto",
                "08:40": "11822 - Filosofia - Tiago Medeiros",
                "10:20": "11822 - História - Ludimila Guirra",
                "11:10": "9812 - Sociologia - Wagner Vinhas",
                "13:40": "1841 - Plan. Obras - Regina Maria Cunha",
                "15:20": "2831 - Geografia - Hingryd Freitas",
                "16:10": "11841 - Sociologia - Marcilene Garcia",
                "17:00": "1841 - Geografia - Patrícia de Freitas",
                "18:40": "1841 - Sociologia - Marcilene Garcia",
                "20:20": "ENG407 T01 - Josélia Cavalcante"
            },
            "nomeArea": "Bloco D (Antigo Pav 2)",
            "nomeSala": "D-105(S 02) (35)",
            "total_alocacoes": 0,
            "total_horarios": 0,
            "total_salas": 0
        },
        "26": {
            "horarios": {
                "07:00": "11822 - Matemática - Fernanda Silva",
                "08:40": "9812 - Matemática - Florêncio Filho",
                "10:20": "1812 - História - Virlene Moreira",
                "13:40": "1821 - Matemática - Fernanda Silva",
                "14:30": "8813 - Monitoria de Matemática - Délis Santos",
                "15:20": "1821 - Geografia - Sandra Freitas",
                "17:00": "1821 - Física - Marcos Estevam",
                "17:50": "8842 - Filosofia - Saulo Assis",
                "18:40": "6942 - Sociologia do Trabalho - Luis Antonio",
                "20:20": "HUM101\tT01 - Daniel Romero"
            },
            "nomeArea": "Bloco D (Antigo Pav 2)",
            "nomeSala": "D-106(S 03) (40)",
            "total_alocacoes": 0,
            "total_horarios": 0,
            "total_salas": 0
        },
        "27": {
            "horarios": {
                "07:00": "9812 - Português - Nívia Maria",
                "08:40": "2811 - Sociologia - Fabio Baldaia",
                "09:30": "9813 - Sociologia - Fabio Baldaia",
                "10:20": "6813 - Português - Erika Fonseca",
                "13:40": "1812 - Matemática - Cleidiane Brito",
                "15:20": "1812 - Física - José Claudio",
                "16:10": "1822 - Matemática - Cleidiane Brito",
                "17:00": "2831 - Fisica - Alisson Costa",
                "18:40": "GEO126 T01 - Elaynne França",
                "20:20": "6912 - Química - Joseína Moutinho"
            },
            "nomeArea": "Bloco D (Antigo Pav 2)",
            "nomeSala": "D-107(S 04) (40)",
            "total_alocacoes": 0,
            "total_horarios": 0,
            "total_salas": 0
        },
        "28": {
            "horarios": {
                "07:00": "2811 - Matemática - Cecília Almeida",
                "08:40": "2813 - História - Antônio Lima",
                "10:20": "2813 - Português - Nívia Maria",
                "13:40": "1811 - Português - Ana Carla",
                "15:20": "1811 - Física - Isabelle Priscila",
                "17:00": "1811 - Matemática - Caio Lima",
                "18:40": "6912 - Física - Fábio Paiva",
                "20:20": "MAT228 T01 - Fellipe Leite"
            },
            "nomeArea": "Bloco D (Antigo Pav 2)",
            "nomeSala": "D-108(S 05) (40)",
            "total_alocacoes": 0,
            "total_horarios": 0,
            "total_salas": 0
        },
        "29": {
            "horarios": {
                "07:00": "2813 - Matemática - Florêncio Filho",
                "08:40": "8811 - Química (T) - Viviana Rocha",
                "10:20": "2831 - Filosofia - Jeudy Aragão",
                "13:40": "1831 - Sociologia - Substituto",
                "15:20": "9841 - Sociologia - Substituto",
                "17:00": "11841 - Geografia - Ubiraci Carlúcio",
                "18:40": "1842 - Filosofia - Daila Ataide",
                "20:20": "8842 - CP - Luis Filipe"
            },
            "nomeArea": "Bloco D (Antigo Pav 2)",
            "nomeSala": "D-109(S 06) (40)",
            "total_alocacoes": 0,
            "total_horarios": 0,
            "total_salas": 0
        },
        "3": {
            "horarios": {},
            "nomeArea": "Bloco A (Prédio Adm.)",
            "nomeSala": "A-308 (40)",
            "total_alocacoes": 0,
            "total_horarios": 0,
            "total_salas": 0
        },
        "30": {
            "horarios": {
                "07:00": "8811 - Física - Ricardo Macêdo",
                "10:20": "9812 - Filosofia - Gracione Batista",
                "17:00": "8842 - Sociologia - Luis Antônio",
                "18:40": "8842 - Biologia - Taiara Aguiar",
                "20:20": "MAT234 T01 - Daniela Cunha"
            },
            "nomeArea": "Bloco D (Antigo Pav 2)",
            "nomeSala": "D-110(S 07) (40)",
            "total_alocacoes": 0,
            "total_horarios": 0,
            "total_salas": 0
        },
        "31": {
            "horarios": {
                "07:00": "5812 - Matemática - Ciro Santana",
                "08:40": "9813 - Filosofia - Ana Lívia",
                "10:20": "5813 - Física - Marcus Fernandes",
                "12:50": "8811 - Monitoria de Matemática - João Goes",
                "13:40": "1822 - Biologia - Taiara Aguiar",
                "15:20": "2813 - Monitoria de Matemática - Délis Santos",
                "17:00": "11832 - Física - Jancarlos Lapa",
                "18:40": "5912 - Português - José Roberto",
                "20:20": "EDU160 T02 - Ruth de Moraes Lima"
            },
            "nomeArea": "Bloco D (Antigo Pav 2)",
            "nomeSala": "D-111(S 08) (35)",
            "total_alocacoes": 0,
            "total_horarios": 0,
            "total_salas": 0
        },
        "32": {
            "horarios": {
                "07:00": "9813 - Matemática - Silvia Costa",
                "08:40": "6813 - Matemática - Cleidiane Brito",
                "10:20": "5812 - História - Vera Nathália",
                "13:40": "9831 - História - Vera Nathália",
                "15:20": "1822 - Português - Elisângela Passos",
                "18:40": "6932 - ONQ - Patrícia Seixas",
                "20:20": "ADM531 T01 - Claudio Mello"
            },
            "nomeArea": "Bloco D (Antigo Pav 2)",
            "nomeSala": "D-112(S 09) (40)",
            "total_alocacoes": 0,
            "total_horarios": 0,
            "total_salas": 0
        },
        "33": {
            "horarios": {
                "07:00": "5811 - Português - Rodrigo Dultra",
                "08:40": "6822 - Biologia - Juliana Silva",
                "10:20": "6822 - Geografia  -  Severiano Joseh",
                "15:20": "9831 - Química - Jainara Nascimento",
                "17:00": "9831 - TRM (T) - César Rogério",
                "18:40": "ADM532 T01 - Claudio Mello",
                "20:20": "MAT220 T01 - Dirceu Freitas"
            },
            "nomeArea": "Bloco D (Antigo Pav 2)",
            "nomeSala": "D-201(S 10) (60)",
            "total_alocacoes": 0,
            "total_horarios": 0,
            "total_salas": 0
        },
        "34": {
            "horarios": {
                "07:00": "6822 - História  - Antônio Lima",
                "10:20": "1821 - Sociologia - Theo Barreto",
                "13:40": "1832 - Física - Rafael Nascimento",
                "17:00": "ADM540 T01 - Washington Laranjeiras",
                "18:40": "HUM100 T01 - Saulo Assis",
                "20:20": "13762 - Sociologia - Luis Antônio"
            },
            "nomeArea": "Bloco D (Antigo Pav 2)",
            "nomeSala": "D-202(S 11) (40)",
            "total_alocacoes": 0,
            "total_horarios": 0,
            "total_salas": 0
        },
        "35": {
            "horarios": {
                "07:00": "6813 - Filosofia - Ana Lívia",
                "08:40": "5811 - Desenho (G1) - José Augusto Junior",
                "10:20": "5811 - Desenho (G2) - José Augusto Junior",
                "17:00": "2832 - Química - Jainara Nascimento",
                "18:40": "ENG531 T01 - Armando Tanimoto"
            },
            "nomeArea": "Bloco D (Antigo Pav 2)",
            "nomeSala": "D-205 (Desenho) (25)",
            "total_alocacoes": 0,
            "total_horarios": 0,
            "total_salas": 0
        },
        "36": {
            "horarios": {
                "08:40": "6811 - Desenho (G2) - Justo Salazar",
                "17:00": "1812 - Desenho (G2) - Alfredo Nascimento",
                "18:40": "DES200 T04 - Alfredo Nascimento"
            },
            "nomeArea": "Bloco D (Antigo Pav 2)",
            "nomeSala": "D-206 (Desenho) (25)",
            "total_alocacoes": 0,
            "total_horarios": 0,
            "total_salas": 0
        },
        "37": {
            "horarios": {
                "07:00": "6811 - Desenho (G1) - Justo Salazar",
                "08:40": "11813 - Desenho (G1) - Claudio Mario",
                "10:20": "11813 - Desenho (G2) - Claudio Mario",
                "15:20": "1832 - Des. Arquitetura (G2) - Gina Marocci",
                "18:40": "DES200 T03 - Francisco Reis"
            },
            "nomeArea": "Bloco D (Antigo Pav 2)",
            "nomeSala": "D-207 (Desenho) (25)",
            "total_alocacoes": 0,
            "total_horarios": 0,
            "total_salas": 0
        },
        "38": {
            "horarios": {
                "08:40": "8812 - Desenho (G1) - Bruno Miranda",
                "10:20": "8812 - Desenho (G2) - Bruno Miranda",
                "18:40": "13712 - Desenho Técnico (G1) - Maria Estela Smolka"
            },
            "nomeArea": "Bloco D (Antigo Pav 2)",
            "nomeSala": "D-208 (Desenho) (24)",
            "total_alocacoes": 0,
            "total_horarios": 0,
            "total_salas": 0
        },
        "39": {
            "horarios": {
                "18:40": "13712 - Desenho Técnico (G2) - Catarina Damasceno"
            },
            "nomeArea": "Bloco D (Antigo Pav 2)",
            "nomeSala": "D-209 (Desenho) (30)",
            "total_alocacoes": 0,
            "total_horarios": 0,
            "total_salas": 0
        },
        "4": {
            "horarios": {
                "13:40": "6821 - História - Ludmilla Guirra",
                "17:00": "ADM581 / ADM593 T01 - Érica Marques",
                "18:40": "ADM516 T01 - Érica Marques",
                "20:20": "MAT227 T02 - Luis Vasquez"
            },
            "nomeArea": "Bloco A (Prédio Adm.)",
            "nomeSala": "Sala Reuniões DG",
            "total_alocacoes": 0,
            "total_horarios": 0,
            "total_salas": 0
        },
        "40": {
            "horarios": {},
            "nomeArea": "Bloco D (Antigo Pav 2)",
            "nomeSala": "D-210 (LAB Anat. e Biol.)",
            "total_alocacoes": 0,
            "total_horarios": 0,
            "total_salas": 0
        },
        "41": {
            "horarios": {},
            "nomeArea": "Bloco E (Eletrotécnica)",
            "nomeSala": "E-005 Lab Man. Elétrica",
            "total_alocacoes": 0,
            "total_horarios": 0,
            "total_salas": 0
        },
        "42": {
            "horarios": {
                "18:40": "2842 - MANUTENÇÃO - Maria das Neves"
            },
            "nomeArea": "Bloco E (Eletrotécnica)",
            "nomeSala": "E-006 Lab Inst Elétricas",
            "total_alocacoes": 0,
            "total_horarios": 0,
            "total_salas": 0
        },
        "43": {
            "horarios": {
                "13:40": "2821 - IEP (G1) - Prof. Reinaldo Rosas",
                "15:20": "2842  -  PROJ ELÉTRICOS - Francismari Noronha",
                "18:40": "2922 - Mecânica (G2) - Ilder Bastos"
            },
            "nomeArea": "Bloco E (Eletrotécnica)",
            "nomeSala": "E-007 Lab Com. Elétricos",
            "total_alocacoes": 0,
            "total_horarios": 0,
            "total_salas": 0
        },
        "44": {
            "horarios": {
                "15:20": "2842 - PROJ. ELET. - Francismari Noronha",
                "17:00": "5832 - ELETROTÉCNICA II - Davi Rêgo",
                "18:40": "2932 - AUT I (G1) - Substituto",
                "20:20": "2912 - Eletrotécnica I - Reinaldo Rosas"
            },
            "nomeArea": "Bloco E (Eletrotécnica)",
            "nomeSala": "E-008 Lab Máq. Elétricas",
            "total_alocacoes": 0,
            "total_horarios": 0,
            "total_salas": 0
        },
        "45": {
            "horarios": {
                "15:20": "2841 - MAQ (G1) - Antônio Duplat",
                "17:00": "2841 - MAQ (G2) - Antônio Duplat",
                "18:40": "2942 - MAQUINAS II - Carlos Bruni"
            },
            "nomeArea": "Bloco E (Eletrotécnica)",
            "nomeSala": "E-009 Lab Tec. Elétrica",
            "total_alocacoes": 0,
            "total_horarios": 0,
            "total_salas": 0
        },
        "46": {
            "horarios": {
                "10:20": "2821 - Eletrotécnica II - Maria das Neves",
                "11:10": "2822 - Eletrotécnica II - Maria das Neves",
                "13:40": "2831 - ELETROTÉCNICA III - Betânia Gomes",
                "15:20": "2832 - ELETROTÉCNICA III - Betânia Gomes",
                "17:00": "2842 - SIST. POTÊNCIA - Milton Elvis",
                "18:40": "2841 - PROJ. ELET - Betânia Gomes"
            },
            "nomeArea": "Bloco E (Eletrotécnica)",
            "nomeSala": "E-010 Lab Med. Elétricas",
            "total_alocacoes": 0,
            "total_horarios": 0,
            "total_salas": 0
        },
        "47": {
            "horarios": {
                "18:40": "2922 - MEDIDAS I (G1) - Davi Rêgo"
            },
            "nomeArea": "Bloco E (Eletrotécnica)",
            "nomeSala": "E-011 Lab de Automação",
            "total_alocacoes": 0,
            "total_horarios": 0,
            "total_salas": 0
        },
        "48": {
            "horarios": {
                "18:40": "ENG409 T01 - Gabriele Gonçalves"
            },
            "nomeArea": "Bloco E (Eletrotécnica)",
            "nomeSala": "E-103 - Áudio-Geografia (35)",
            "total_alocacoes": 0,
            "total_horarios": 0,
            "total_salas": 0
        },
        "49": {
            "horarios": {},
            "nomeArea": "Bloco F (Física)",
            "nomeSala": "F-005 (45)",
            "total_alocacoes": 0,
            "total_horarios": 0,
            "total_salas": 0
        },
        "5": {
            "horarios": {},
            "nomeArea": "Bloco B (Antigo Pav 1)",
            "nomeSala": "B-003 LEMAT (10)",
            "total_alocacoes": 0,
            "total_horarios": 0,
            "total_salas": 0
        },
        "50": {
            "horarios": {
                "08:40": "8813 - Matemática - Ciro Santana",
                "10:20": "8813 - Física - Ricardo Macêdo",
                "13:40": "8831 - QO II (T) - Rita Cerqueira",
                "15:20": "8831 - Física - Eliana Alcântara",
                "16:10": "8831 - Matemática - Valéria Navarro",
                "17:00": "8831 - Filosofia - Jeudy Aragão",
                "18:40": "ENG518 T01 - Luis Filipe",
                "20:20": "13742 - Português - Wesley Correia"
            },
            "nomeArea": "Bloco F (Física)",
            "nomeSala": "F-006 (40)",
            "total_alocacoes": 0,
            "total_horarios": 0,
            "total_salas": 0
        },
        "51": {
            "horarios": {
                "07:00": "10821 - PIM (T) - Ana Carolina",
                "08:40": "10821 - Geografia - Severiano Joseh",
                "10:20": "10821 - Filosofia - Tiago Medeiros",
                "13:40": "1813 - Artes - Elenildo Café",
                "15:20": "1813 - Matemática - Fernanda Silva",
                "18:40": "EDU161 T01 - Ruth de Moares Lima",
                "20:20": "ADM540 T03 - Washington Laranjeiras"
            },
            "nomeArea": "Bloco F (Física)",
            "nomeSala": "F-007 (Áudio) (48)",
            "total_alocacoes": 0,
            "total_horarios": 0,
            "total_salas": 0
        },
        "52": {
            "horarios": {},
            "nomeArea": "Bloco G (Canteiro de Obras)",
            "nomeSala": "G-001 Lab Hidráulica",
            "total_alocacoes": 0,
            "total_horarios": 0,
            "total_salas": 0
        },
        "53": {
            "horarios": {
                "08:30": "1831 - Inst Hid - Leandro Souza",
                "10:00": "+"
            },
            "nomeArea": "Bloco G (Canteiro de Obras)",
            "nomeSala": "G-002 Lab Informática",
            "total_alocacoes": 0,
            "total_horarios": 0,
            "total_salas": 0
        },
        "54": {
            "horarios": {
                "07:30": "1832 - Desenho Arq (G1) - Michele"
            },
            "nomeArea": "Bloco G (Canteiro de Obras)",
            "nomeSala": "G-003 Sl Desenho",
            "total_alocacoes": 0,
            "total_horarios": 0,
            "total_salas": 0
        },
        "55": {
            "horarios": {
                "07:30": "1822 - Des. Arquitetura (G1) - Maria do Carmo Baltar"
            },
            "nomeArea": "Bloco G (Canteiro de Obras)",
            "nomeSala": "G-004 Lab de Águas",
            "total_alocacoes": 0,
            "total_horarios": 0,
            "total_salas": 0
        },
        "56": {
            "horarios": {
                "08:30": "1831 - Inst Elétricas - Celso Lásaro"
            },
            "nomeArea": "Bloco G (Canteiro de Obras)",
            "nomeSala": "PISA",
            "total_alocacoes": 0,
            "total_horarios": 0,
            "total_salas": 0
        },
        "57": {
            "horarios": {},
            "nomeArea": "Bloco G (Canteiro de Obras)",
            "nomeSala": "G-005 Lab Elétrica",
            "total_alocacoes": 0,
            "total_horarios": 0,
            "total_salas": 0
        },
        "58": {
            "horarios": {},
            "nomeArea": "Bloco H (Mecânica)",
            "nomeSala": "Automação Hidráulica (15)",
            "total_alocacoes": 0,
            "total_horarios": 0,
            "total_salas": 0
        },
        "59": {
            "horarios": {
                "18:40": "6922 - Man I (G1) - Amaurílio",
                "20:20": "6922 - Man I (G1) - Amaurílio"
            },
            "nomeArea": "Bloco H (Mecânica)",
            "nomeSala": "Lab. Informática (20)",
            "total_alocacoes": 0,
            "total_horarios": 0,
            "total_salas": 0
        },
        "6": {
            "horarios": {
                "17:00": "MAT235 T01 - Fernando Carneiro",
                "20:20": "MAT229 T01 - Fernando Carneiro"
            },
            "nomeArea": "Bloco B (Antigo Pav 1)",
            "nomeSala": "Lab de Cartografia (35)",
            "total_alocacoes": 0,
            "total_horarios": 0,
            "total_salas": 0
        },
        "60": {
            "horarios": {
                "17:00": "ENG325 T01 - Genisson Coutinho",
                "18:40": "ENG307 T01 - João Barbosa"
            },
            "nomeArea": "Bloco H (Mecânica)",
            "nomeSala": "Lab. Refrigeração (25)",
            "total_alocacoes": 0,
            "total_horarios": 0,
            "total_salas": 0
        },
        "61": {
            "horarios": {
                "13:40": "11832 - P. Refri I - Eduardo Santana",
                "15:20": "11831 - P. Refr I - Eduardo Santana",
                "20:20": "6932 - Refrigeração - Luanda Kivia"
            },
            "nomeArea": "Bloco H (Mecânica)",
            "nomeSala": "Metalografia (25)",
            "total_alocacoes": 0,
            "total_horarios": 0,
            "total_salas": 0
        },
        "62": {
            "horarios": {
                "17:00": "6842 - MTF - Itallo Orrico",
                "20:20": "6922 - Man I (G2) - Sônia Regina"
            },
            "nomeArea": "Bloco H (Mecânica)",
            "nomeSala": "Oficina de Refrigeração",
            "total_alocacoes": 0,
            "total_horarios": 0,
            "total_salas": 0
        },
        "63": {
            "horarios": {
                "19:30": "6842 - Ins. Equipamentos - Moacir Bispo"
            },
            "nomeArea": "Bloco H (Mecânica)",
            "nomeSala": "Oficina de Soldagem",
            "total_alocacoes": 0,
            "total_horarios": 0,
            "total_salas": 0
        },
        "64": {
            "horarios": {
                "18:40": "ENG345 T01 - Luiz Gustavo Duarte",
                "19:30": "6841 - MTF - Itallo Orrico"
            },
            "nomeArea": "Bloco H (Mecânica)",
            "nomeSala": "Órtese/Prótese (35)",
            "total_alocacoes": 0,
            "total_horarios": 0,
            "total_salas": 0
        },
        "65": {
            "horarios": {
                "17:00": "6841 - Insp Equipamentos - Moacir Bispo",
                "18:40": "MEO301 T01 - Amaro Ferreira",
                "20:20": "6942 - Instrumentação - Phelippe"
            },
            "nomeArea": "Bloco H (Mecânica)",
            "nomeSala": "Sala 5 - DATM (20)",
            "total_alocacoes": 0,
            "total_horarios": 0,
            "total_salas": 0
        },
        "66": {
            "horarios": {
                "10:20": "11812 - Tec. Mecânica (G2) - José Fernando",
                "17:00": "PMO303 T01 - Gildo Ribeiro",
                "18:40": "6922 - Man I (G2) - Sônia Regina"
            },
            "nomeArea": "Bloco H (Mecânica)",
            "nomeSala": "Automação Pneumática (15)",
            "total_alocacoes": 0,
            "total_horarios": 0,
            "total_salas": 0
        },
        "67": {
            "horarios": {
                "18:40": "ENG329 T01 - Roberto Kruger",
                "20:20": "HUM103 T01 - Luiz Gustavo"
            },
            "nomeArea": "Bloco H (Mecânica)",
            "nomeSala": "Sala de CNC (10)",
            "total_alocacoes": 0,
            "total_horarios": 0,
            "total_salas": 0
        },
        "68": {
            "horarios": {},
            "nomeArea": "Bloco H (Mecânica)",
            "nomeSala": "Sala de Fabricação",
            "total_alocacoes": 0,
            "total_horarios": 0,
            "total_salas": 0
        },
        "69": {
            "horarios": {
                "11:10": "11811 - Introd Refrig - Eduardo Pinto",
                "18:40": "ENG340 T01 - João Barbosa",
                "20:20": "ENG326 T01 - Gildo Ribeiro"
            },
            "nomeArea": "Bloco H (Mecânica)",
            "nomeSala": "Sala de Fresagem/Torneari (40)",
            "total_alocacoes": 0,
            "total_horarios": 0,
            "total_salas": 0
        },
        "7": {
            "horarios": {
                "18:40": "GEO105\tT01 - Ricardo Bahia",
                "20:20": "GEO109 - Ricardo Bahia"
            },
            "nomeArea": "Bloco B (Antigo Pav 1)",
            "nomeSala": "Lab de Geografia Fisica (35)",
            "total_alocacoes": 0,
            "total_horarios": 0,
            "total_salas": 0
        },
        "70": {
            "horarios": {
                "10:20": "6832 - Proc. Fab.(G2) - Raimundo Paranhos",
                "17:00": "MEO305 T01 - Roberto Kruger",
                "20:20": "ENG315 T01 - Mario Cezar"
            },
            "nomeArea": "Bloco H (Mecânica)",
            "nomeSala": "Lab. de Metrologia (20)",
            "total_alocacoes": 0,
            "total_horarios": 0,
            "total_salas": 0
        },
        "71": {
            "horarios": {
                "07:00": "6811 - Metrologia (G2) - Dilcian Oliveira",
                "07:50": "11813 - Introd. Refrig - Eduardo Pinto",
                "08:40": "6811 - Metrologia (G1) - Dilcian Oliveira",
                "10:20": "11812 - Tec. Mec  (G1) - Helmut Piper",
                "18:40": "ENG310 T01 - Roberto Kruger",
                "20:20": "ENG316 T02 - Paulo Cesar"
            },
            "nomeArea": "Bloco H (Mecânica)",
            "nomeSala": "Sala de Refrigeração (40)",
            "total_alocacoes": 0,
            "total_horarios": 0,
            "total_salas": 0
        },
        "72": {
            "horarios": {
                "08:40": "11812 - Introd. Refrig - Eduardo Pinto",
                "13:40": "11831 - Termodinâmica - Luanda Kívia",
                "15:20": "11832 - Termodinâmica - Luanda Kivia"
            },
            "nomeArea": "Bloco H (Mecânica)",
            "nomeSala": "Sala de Tecnologia Mecân (40)",
            "total_alocacoes": 0,
            "total_horarios": 0,
            "total_salas": 0
        },
        "73": {
            "horarios": {},
            "nomeArea": "Bloco K (Biblioteca)",
            "nomeSala": "K-106 (30)",
            "total_alocacoes": 0,
            "total_horarios": 0,
            "total_salas": 0
        },
        "74": {
            "horarios": {
                "07:00": "8823 - Quimica II (T) - Cleide Riccio",
                "08:40": "8821 - QO I (T) - Rita Cerqueira",
                "10:20": "8821 - Química II (T) - Cleide Riccio",
                "13:40": "8823 - Geografia - Zenildes Protázio",
                "15:20": "Profªs Cecília Manoela e Moema Soares",
                "17:00": "ENG506 T01 - Ana Claudia Gondim",
                "18:40": "ENG420 T01 - Fabrício Gerônimo",
                "20:20": "QUI541 T01 - Ana Luisa Carvalho"
            },
            "nomeArea": "Bloco K (Biblioteca)",
            "nomeSala": "K-107 (11)",
            "total_alocacoes": 0,
            "total_horarios": 0,
            "total_salas": 0
        },
        "75": {
            "horarios": {
                "13:40": "5811/ 9812/ 10811 - Português - Alessandra Calixto",
                "15:20": "9822 - Português para Surdos - Alexandra Calixto",
                "18:40": "13762 - Espanhol - Itamaray",
                "20:20": "INF023 T02 - Romilson Sampaio"
            },
            "nomeArea": "Bloco K (Biblioteca)",
            "nomeSala": "K-110 (20)",
            "total_alocacoes": 0,
            "total_horarios": 0,
            "total_salas": 0
        },
        "76": {
            "horarios": {
                "08:40": "5811(G2)/ 8812(G2)/ 11813(G2) - Monitoria de Matemática - Chel",
                "10:20": "5811(G1)/ 8812(G1)/ 11813(G1) - Monitoria de Matemática - Chel",
                "15:20": "Livre - Monitoria de Matemática - João",
                "18:40": "3922 - História - Lais Viena",
                "20:20": "FIS212 T01 - Ronaldo Naziazeno"
            },
            "nomeArea": "Bloco K (Biblioteca)",
            "nomeSala": "K-111 (20)",
            "total_alocacoes": 0,
            "total_horarios": 0,
            "total_salas": 0
        },
        "77": {
            "horarios": {
                "13:40": "6811 - Monitoria de Matemática - Kadriele",
                "15:20": "Atendimento Geral - Monitoria de Matemática - Kadriele",
                "18:40": "13722 - Português - A definir",
                "20:20": "ENG426 T01 - Juarez da Silva"
            },
            "nomeArea": "Bloco K (Biblioteca)",
            "nomeSala": "K-112 (20)",
            "total_alocacoes": 0,
            "total_horarios": 0,
            "total_salas": 0
        },
        "78": {
            "horarios": {
                "15:20": "Monitoria de Geometria Analíta e Álgebra Vetorial - Dênia",
                "17:50": "Mestrado - PPGEM",
                "18:40": "FIS212 T02 - Ronaldo Naziazeno",
                "20:20": "5912 - Informática - Luiz Machado"
            },
            "nomeArea": "Bloco K (Biblioteca)",
            "nomeSala": "K-114 (10)",
            "total_alocacoes": 0,
            "total_horarios": 0,
            "total_salas": 0
        },
        "79": {
            "horarios": {
                "12:50": "Monitoria de Física - Luis Miguel",
                "15:20": "Monitoria de Introdução à Matemática - Isaque Pereira",
                "17:00": "ENG436 T01 - Cristina Abreu",
                "18:40": "13732 - Português - Wesley Correia",
                "20:20": "ENG520 T02 - Edler Lins"
            },
            "nomeArea": "Bloco K (Biblioteca)",
            "nomeSala": "K-115 (20)",
            "total_alocacoes": 0,
            "total_horarios": 0,
            "total_salas": 0
        },
        "8": {
            "horarios": {
                "18:40": "GEO118 T01 - Nilton Santana",
                "20:20": "GEO108 T01 - Elaynne França"
            },
            "nomeArea": "Bloco B (Antigo Pav 1)",
            "nomeSala": "Lab de Geotecnologia (12)",
            "total_alocacoes": 0,
            "total_horarios": 0,
            "total_salas": 0
        },
        "80": {
            "horarios": {
                "08:40": "Monitoria de Português - Brenda Rosário",
                "12:50": "Monitoria de Química (Geral / Inorgânica) - Jefferson Ribeiro",
                "18:40": "ENG524 T01 - Edler Lins"
            },
            "nomeArea": "Bloco K (Biblioteca)",
            "nomeSala": "K-116 (10)",
            "total_alocacoes": 0,
            "total_horarios": 0,
            "total_salas": 0
        },
        "81": {
            "horarios": {},
            "nomeArea": "Bloco L (Metalurgia)",
            "nomeSala": "L-001 LAB ENG. QUÍMICA (10)",
            "total_alocacoes": 0,
            "total_horarios": 0,
            "total_salas": 0
        },
        "82": {
            "horarios": {},
            "nomeArea": "Bloco L (Metalurgia)",
            "nomeSala": "L-002 CENT IDIOMAS (40)",
            "total_alocacoes": 0,
            "total_horarios": 0,
            "total_salas": 0
        },
        "83": {
            "horarios": {
                "08:40": "5822 - Inglês (G1) - Marcus Drummond",
                "10:20": "1822 - Inglês (G1) - Marcus Drummond",
                "15:20": "Inglês - Estudantes Surdos - Luzia Helena",
                "18:40": "9912 - Inglês - Luzia Helena",
                "20:20": "LET115 T01 - Luzia Helena"
            },
            "nomeArea": "Bloco L (Metalurgia)",
            "nomeSala": "L-003 (Áudio 03) (45)",
            "total_alocacoes": 0,
            "total_horarios": 0,
            "total_salas": 0
        },
        "84": {
            "horarios": {
                "08:40": "5822 - Inglês (G2) - Lucélia Alcântara",
                "10:20": "1822 - Inglês (G2) - Lucélia Alcântara",
                "15:20": "1831 - Inglês (G2) - Maurício Neto",
                "17:00": "1842 - Espanhol (G1) - Itamaray dos Santos",
                "18:40": "2912 - Inglês Tec. - Antônia Socorro",
                "20:20": "3922 - Espanhol - Itamaray Nascimento"
            },
            "nomeArea": "Bloco L (Metalurgia)",
            "nomeSala": "L-004 LEUS/GPEND (10)",
            "total_alocacoes": 0,
            "total_horarios": 0,
            "total_salas": 0
        },
        "85": {
            "horarios": {
                "11:10": "8823 - Matemática - Ângela Mirante"
            },
            "nomeArea": "Bloco L (Metalurgia)",
            "nomeSala": "L-010 LAB ENG. QUÍMICA (20)",
            "total_alocacoes": 0,
            "total_horarios": 0,
            "total_salas": 0
        },
        "86": {
            "horarios": {},
            "nomeArea": "Bloco L (Metalurgia)",
            "nomeSala": "L101 (45)",
            "total_alocacoes": 0,
            "total_horarios": 0,
            "total_salas": 0
        },
        "87": {
            "horarios": {
                "07:00": "8821 - Física - Elinoel Valverde",
                "08:40": "9821 - SMS - Samara Andrade",
                "10:20": "9821 - Matemática - Valéria Navarro",
                "15:20": "Monitoria de Cálculo II - Fabrine Carvalho",
                "17:00": "MAT217 T02 - Reinaldo Lima",
                "18:40": "EDU155 T01 - Bionor Rebouças",
                "20:20": "EST232 T01 - Walter Porto"
            },
            "nomeArea": "Bloco L (Metalurgia)",
            "nomeSala": "L102 (50)",
            "total_alocacoes": 0,
            "total_horarios": 0,
            "total_salas": 0
        },
        "88": {
            "horarios": {
                "07:00": "8822 - Biologia - Juliana Silva",
                "08:40": "8822 - Matemática - Vitor Rios",
                "10:20": "8822 - QO I (T) - Marcus Bahia",
                "12:50": "Profª Juliana Silvestre - Biologia",
                "17:00": "ENG531 T02 - Ângela Lima",
                "18:40": "EDU154 T01 - Mauricio Uzêda"
            },
            "nomeArea": "Bloco L (Metalurgia)",
            "nomeSala": "L103 (50)",
            "total_alocacoes": 0,
            "total_horarios": 0,
            "total_salas": 0
        },
        "89": {
            "horarios": {
                "07:00": "9821 - Português - Gisélia Evangelista",
                "08:40": "8823 - Biologia - Jeferson Coutinho",
                "10:20": "8823 - Português - José Gomes",
                "13:40": "Reunião - DACOMP",
                "15:20": "ADM582 T01 - Angela Lima",
                "17:00": "EVE118 T01 - Chelly Costa",
                "18:40": "MAT222 T01 - Márcia Guariente",
                "20:20": "MAT217 T01 - Paulo Espinheira"
            },
            "nomeArea": "Bloco L (Metalurgia)",
            "nomeSala": "L104 (Lab Inf 5) (40)",
            "total_alocacoes": 0,
            "total_horarios": 0,
            "total_salas": 0
        },
        "9": {
            "horarios": {
                "20:20": "GEO140 T01 - Nilton Santana"
            },
            "nomeArea": "Bloco B (Antigo Pav 1)",
            "nomeSala": "B-105 (Idiomas) (20)",
            "total_alocacoes": 0,
            "total_horarios": 0,
            "total_salas": 0
        },
        "90": {
            "horarios": {
                "08:40": "9811 (G2) - Informática - André Ferreira",
                "17:00": "MAT217 T03 - Paulo Espinheira",
                "18:40": "INF012 P01 - Manoel Neto",
                "20:20": "INF015 T01 - Grinaldo Oliveira"
            },
            "nomeArea": "Bloco L (Metalurgia)",
            "nomeSala": "L105 (40)",
            "total_alocacoes": 0,
            "total_horarios": 0,
            "total_salas": 0
        },
        "91": {
            "horarios": {
                "07:00": "10831 - Filosofia - Gracione Oliveira",
                "08:40": "10831 - Biologia - Lídice Paraguassu",
                "10:20": "11832 - Química - Lucas Wolf",
                "15:20": "Monitoria de Álgebra Linear - Felipe Menezes",
                "18:40": "ENG465 T01 - Maria das Graças"
            },
            "nomeArea": "Bloco L (Metalurgia)",
            "nomeSala": "L106 (30)",
            "total_alocacoes": 0,
            "total_horarios": 0,
            "total_salas": 0
        },
        "92": {
            "horarios": {},
            "nomeArea": "Bloco O (Antigo Pav 7)",
            "nomeSala": "O-001 - Lab. de NTS (20)",
            "total_alocacoes": 0,
            "total_horarios": 0,
            "total_salas": 0
        },
        "93": {
            "horarios": {},
            "nomeArea": "Bloco O (Antigo Pav 7)",
            "nomeSala": "O-102  (18)",
            "total_alocacoes": 0,
            "total_horarios": 0,
            "total_salas": 0
        },
        "94": {
            "horarios": {},
            "nomeArea": "Bloco O (Antigo Pav 7)",
            "nomeSala": "O-104 (8)",
            "total_alocacoes": 0,
            "total_horarios": 0,
            "total_salas": 0
        },
        "95": {
            "horarios": {},
            "nomeArea": "Bloco O (Antigo Pav 7)",
            "nomeSala": "O-113(S 01) (40)",
            "total_alocacoes": 0,
            "total_horarios": 0,
            "total_salas": 0
        },
        "96": {
            "horarios": {
                "07:00": "2812 - História - Erivaldo Nunes",
                "08:40": "2812 - Português - Erika Fonseca",
                "10:20": "2812 - Física - Alisson Costa",
                "17:00": "RAD220 T01 - Marcus Oliveira",
                "18:40": "ENG530 T02 - Eduardo Marinho",
                "20:20": "ENG530 T01 - Eduardo Marinho"
            },
            "nomeArea": "Bloco O (Antigo Pav 7)",
            "nomeSala": "O-114(S 02) (40)",
            "total_alocacoes": 0,
            "total_horarios": 0,
            "total_salas": 0
        },
        "97": {
            "horarios": {
                "07:00": "8812 - Quimica (T) - Viviana Rocha",
                "10:20": "8832 - Matemática - Nelson Filho",
                "15:20": "Prof João - Educação Física",
                "18:40": "RAD259 T01 - Isabelle Pinheiro",
                "20:20": "9912 - HST - Ângela Lima"
            },
            "nomeArea": "Bloco O (Antigo Pav 7)",
            "nomeSala": "O-115(S 03) (40)",
            "total_alocacoes": 0,
            "total_horarios": 0,
            "total_salas": 0
        },
        "98": {
            "horarios": {
                "07:00": "9811 - Física - Igor Leonardo",
                "10:20": "9811 - História - Erivaldo Nunes",
                "13:40": "9811 - Artes - Michal Siviero",
                "17:00": "RAD234 P01 - Jacqueline Gurjão",
                "18:40": "QUI513 T01 - Robert Newton",
                "20:20": "ENG516 T01 - Ana Cecilia"
            },
            "nomeArea": "Bloco O (Antigo Pav 7)",
            "nomeSala": "O-116(S 04) (40)",
            "total_alocacoes": 0,
            "total_horarios": 0,
            "total_salas": 0
        },
        "99": {
            "horarios": {
                "07:00": "8814 - Física - Paulo Vicente",
                "10:20": "8814 - Matemática - Florêncio Filho",
                "13:40": "8833 - Português -  Elisângela Passos",
                "15:20": "8833 - Física - Marcos Estevam",
                "17:00": "8833 - Biologia - Juliana Silva",
                "18:40": "ENG503 T01 - Ana Cecilia",
                "20:20": "MAT215 T01 - Lurimar Smera"
            },
            "nomeArea": "Bloco O (Antigo Pav 7)",
            "nomeSala": "O-117(S 05) (40)",
            "total_alocacoes": 0,
            "total_horarios": 0,
            "total_salas": 0
        },
        "id": 1
    },
    "data": "20191218",
    "target": "http://salas.ifba.edu.br/day.php?year=2019&month=12&day=18&area=10/"
}