{
    "areas": [
        "6",
        "20",
        "5",
        "7",
        "26",
        "25",
        "39",
        "17",
        "12",
        "16",
        "3",
        "8",
        "38",
        "4",
        "11",
        "10"
    ],
    "areas_nomes": [
        "",
        "Bloco A (Prédio Adm.)",
        "Bloco B (Antigo Pav 1)",
        "Bloco D (Antigo Pav 2)",
        "Bloco E (Eletrotécnica)",
        "Bloco F (Física)",
        "Bloco G (Canteiro de Obras)",
        "Bloco H (Mecânica)",
        "Bloco K (Biblioteca)",
        "Bloco L (Metalurgia)",
        "Bloco O (Antigo Pav 7)",
        "Bloco P  (Antigo Pav 8)",
        "Labs Automação",
        "Labs Informática (1 - 4)",
        "Labs Química",
        "LAFIR"
    ],
    "dados": {
        "1": {
            "horarios": {},
            "nomeArea": "Bloco A (Prédio Adm.)",
            "nomeSala": "A-207 LAPEG (10)",
            "total_alocacoes": 0,
            "total_horarios": 0,
            "total_salas": 0
        },
        "10": {
            "horarios": {
                "13:40": "11831 - Inglês (G1) - Deise Medina",
                "15:20": "5832 - Inglês (G2)  - Deise Silveira",
                "17:00": "8832 - Inglês  - Antônia Socorro",
                "17:50": "6842 - Filosofia - Saulo Assis",
                "18:40": "13752 - Inglês - Antônia Socorro"
            },
            "nomeArea": "Bloco B (Antigo Pav 1)",
            "nomeSala": "B-106(S 01) (35)",
            "total_alocacoes": 0,
            "total_horarios": 0,
            "total_salas": 0
        },
        "100": {
            "horarios": {
                "08:40": "9822 - Matemática - Vitor Rios",
                "10:20": "9822 - Elet. Analógica - Josemir Alexandrino",
                "15:20": "11831 - Física - Paulo Vicente",
                "17:00": "11831 - Química - Jainara Nascimento",
                "20:20": "EDU154 T02 - Saulo Assis"
            },
            "nomeArea": "Bloco O (Antigo Pav 7)",
            "nomeSala": "O-118 LAMMC",
            "total_alocacoes": 0,
            "total_horarios": 0,
            "total_salas": 0
        },
        "101": {
            "horarios": {},
            "nomeArea": "Bloco O (Antigo Pav 7)",
            "nomeSala": "O-119",
            "total_alocacoes": 0,
            "total_horarios": 0,
            "total_salas": 0
        },
        "102": {
            "horarios": {
                "18:40": "ADM511 T01 - José Rubens"
            },
            "nomeArea": "Bloco O (Antigo Pav 7)",
            "nomeSala": "O-120 ITCP (30)",
            "total_alocacoes": 0,
            "total_horarios": 0,
            "total_salas": 0
        },
        "103": {
            "horarios": {
                "18:40": "MAT227 T01 - Isabel Leite",
                "20:20": "ADM512 T01 - Antonio Clodoaldo"
            },
            "nomeArea": "Bloco O (Antigo Pav 7)",
            "nomeSala": "O-203(S 06) (50)",
            "total_alocacoes": 0,
            "total_horarios": 0,
            "total_salas": 0
        },
        "104": {
            "horarios": {
                "07:00": "11811 - Matemática - Cecília Almeida",
                "09:30": "5822 - Equipamentos - Igor",
                "13:40": "5831 - Eletrônica Analógica - Letícia Lessa",
                "15:20": "5831 - Física - José Claudio",
                "17:00": "5831 - Geografia - Nilton Santana",
                "18:40": "RAD241 T01 - Guillermo Lopez",
                "20:20": "MAT223 T03 - Ives Lima"
            },
            "nomeArea": "Bloco O (Antigo Pav 7)",
            "nomeSala": "O-204(S 07) (40)",
            "total_alocacoes": 0,
            "total_horarios": 0,
            "total_salas": 0
        },
        "105": {
            "horarios": {
                "07:00": "11812 - Matemática - Silvia Costa",
                "08:40": "11812 - Física - Fábio Paiva",
                "10:20": "11812 - Português - Waleska Moura",
                "17:00": "RAD246 T01 - Guillermo Lopez",
                "18:40": "ENG504 T01 - Carlos Suffredini",
                "20:20": "MAT224 T01 - Isabel Leite"
            },
            "nomeArea": "Bloco O (Antigo Pav 7)",
            "nomeSala": "O-205(S 08) (40)",
            "total_alocacoes": 0,
            "total_horarios": 0,
            "total_salas": 0
        },
        "106": {
            "horarios": {
                "07:00": "11813 - Física - Gilmar Melo",
                "08:40": "11813 - Português - Fátima Santiago",
                "10:20": "11813 - Matemática - Florêncio Filho",
                "17:00": "LET100 T03 - José Gomes",
                "18:40": "QUI515 T01 - Josanaide Teixeira",
                "20:20": "QUI560 T01 - Dilton Sodré"
            },
            "nomeArea": "Bloco O (Antigo Pav 7)",
            "nomeSala": "O-206(S 09) (40)",
            "total_alocacoes": 0,
            "total_horarios": 0,
            "total_salas": 0
        },
        "107": {
            "horarios": {
                "07:00": "2822 - Sociologia - Alberto Neto",
                "08:40": "2822 - Física - Paulo Vicente",
                "10:20": "2822 - Geografia - Zenildes Protázio",
                "13:40": "5832 - Português - Gisélia Evangelista",
                "15:20": "6832 - Filosofia - Maria Saievicz",
                "18:40": "ENG505 T01 - Laio Damasceno",
                "20:20": "ENG560 T01 - Luiz Antônio"
            },
            "nomeArea": "Bloco O (Antigo Pav 7)",
            "nomeSala": "O-207(S 10) (40)",
            "total_alocacoes": 0,
            "total_horarios": 0,
            "total_salas": 0
        },
        "108": {
            "horarios": {
                "07:00": "2821 - Geografia - Ana Paula Anunciação",
                "08:40": "2821 - Filosofia - Ronaldo Pimentel",
                "10:20": "2821 - Física - George Luiz",
                "13:40": "9832 - ELET POT - Carlos Aníbal",
                "15:20": "9832 - Educação Física - Micheli",
                "18:40": "FIS212 T01 - Ronaldo Naziazeno",
                "20:20": "FIS214 T01 - Ronaldo Naziazeno"
            },
            "nomeArea": "Bloco O (Antigo Pav 7)",
            "nomeSala": "O-208(S 11) (40)",
            "total_alocacoes": 0,
            "total_horarios": 0,
            "total_salas": 0
        },
        "109": {
            "horarios": {
                "07:00": "5821 - Química - Aline Mendes",
                "08:40": "5821 - Física - Elinoel Valverde",
                "17:00": "9832 - Matemática - Caio Lima",
                "18:40": "MAT224 T03 - Ives Lima",
                "20:20": "MAT220 T02 - Dirceu Freitas"
            },
            "nomeArea": "Bloco O (Antigo Pav 7)",
            "nomeSala": "O-209(S 12) (60)",
            "total_alocacoes": 0,
            "total_horarios": 0,
            "total_salas": 0
        },
        "11": {
            "horarios": {
                "17:00": "6842 - Sociologia - Luis Antônio",
                "18:40": "6842 - Geografia - Sandra Freitas",
                "20:20": "6842 - Eletrônica - Thales Faria"
            },
            "nomeArea": "Bloco B (Antigo Pav 1)",
            "nomeSala": "B-107(S 02) (35)",
            "total_alocacoes": 0,
            "total_horarios": 0,
            "total_salas": 0
        },
        "110": {
            "horarios": {},
            "nomeArea": "Bloco P  (Antigo Pav 8)",
            "nomeSala": "PS-09 Artes (30)",
            "total_alocacoes": 0,
            "total_horarios": 0,
            "total_salas": 0
        },
        "111": {
            "horarios": {
                "17:50": "Mestrado - PPGEM"
            },
            "nomeArea": "Bloco P  (Antigo Pav 8)",
            "nomeSala": "Sala de Artes Visuais",
            "total_alocacoes": 0,
            "total_horarios": 0,
            "total_salas": 0
        },
        "112": {
            "horarios": {},
            "nomeArea": "Bloco P  (Antigo Pav 8)",
            "nomeSala": "Sala de Artes Visuais.2",
            "total_alocacoes": 0,
            "total_horarios": 0,
            "total_salas": 0
        },
        "113": {
            "horarios": {},
            "nomeArea": "Bloco P  (Antigo Pav 8)",
            "nomeSala": "Sala de Artes Visuais.3",
            "total_alocacoes": 0,
            "total_horarios": 0,
            "total_salas": 0
        },
        "114": {
            "horarios": {},
            "nomeArea": "Bloco P  (Antigo Pav 8)",
            "nomeSala": "Sala de Dança",
            "total_alocacoes": 0,
            "total_horarios": 0,
            "total_salas": 0
        },
        "115": {
            "horarios": {
                "08:40": "9812 - Artes  - Guiomar Fontes"
            },
            "nomeArea": "Bloco P  (Antigo Pav 8)",
            "nomeSala": "Sala de Música",
            "total_alocacoes": 0,
            "total_horarios": 0,
            "total_salas": 0
        },
        "116": {
            "horarios": {},
            "nomeArea": "Bloco P  (Antigo Pav 8)",
            "nomeSala": "Sala de Teatro",
            "total_alocacoes": 0,
            "total_horarios": 0,
            "total_salas": 0
        },
        "117": {
            "horarios": {
                "18:40": "ENG406\tT01 - Alessandra Picanço",
                "20:20": "9912 - ONQ - Carlos Alberto"
            },
            "nomeArea": "Bloco P  (Antigo Pav 8)",
            "nomeSala": "P-018 (40)",
            "total_alocacoes": 0,
            "total_horarios": 0,
            "total_salas": 0
        },
        "118": {
            "horarios": {
                "07:00": "10811 - Português - Fátima Santiago"
            },
            "nomeArea": "Bloco P  (Antigo Pav 8)",
            "nomeSala": "Lab de Geotec",
            "total_alocacoes": 0,
            "total_horarios": 0,
            "total_salas": 0
        },
        "119": {
            "horarios": {
                "08:40": "10811 - GG (G2) - Patricia Santana",
                "10:20": "10811 - GG (G1) - Patricia Santana"
            },
            "nomeArea": "Bloco P  (Antigo Pav 8)",
            "nomeSala": "P001 - LabInfo EngQui",
            "total_alocacoes": 0,
            "total_horarios": 0,
            "total_salas": 0
        },
        "12": {
            "horarios": {
                "10:20": "Monitoria de Física - Mateus Morais",
                "11:10": "6811 - Filosofia - Maria Saievicz",
                "13:40": "Monitoria de Física - Mateus Morais",
                "17:00": "1831 - Tec. Construtivas - Élvio Guimarães",
                "18:40": "13772 - ONQ EMPREND - Carlos Alberto",
                "20:20": "5841 - Geografia - Ana Paula Anunciação"
            },
            "nomeArea": "Bloco B (Antigo Pav 1)",
            "nomeSala": "B-108(S 03) (35)",
            "total_alocacoes": 0,
            "total_horarios": 0,
            "total_salas": 0
        },
        "120": {
            "horarios": {},
            "nomeArea": "Bloco P  (Antigo Pav 8)",
            "nomeSala": "Lab. informática EE (20)",
            "total_alocacoes": 0,
            "total_horarios": 0,
            "total_salas": 0
        },
        "121": {
            "horarios": {
                "18:40": "5922 - Eletrônica Digital (G1) - Vitor Leão"
            },
            "nomeArea": "Bloco P  (Antigo Pav 8)",
            "nomeSala": "Lab. 01 Eletrônica",
            "total_alocacoes": 0,
            "total_horarios": 0,
            "total_salas": 0
        },
        "122": {
            "horarios": {},
            "nomeArea": "Bloco P  (Antigo Pav 8)",
            "nomeSala": "Lab. 02 Eletrônica",
            "total_alocacoes": 0,
            "total_horarios": 0,
            "total_salas": 0
        },
        "123": {
            "horarios": {
                "18:40": "9932 - MIRC - Antônio Almeida"
            },
            "nomeArea": "Bloco P  (Antigo Pav 8)",
            "nomeSala": "Lab. 03 Eletrônica",
            "total_alocacoes": 0,
            "total_horarios": 0,
            "total_salas": 0
        },
        "124": {
            "horarios": {
                "08:40": "9831 - TRM I (G1) - César Rogério",
                "10:20": "9831 - TRMI (G2) - César Rogério",
                "20:20": "5922 - Eletrônica Digital (G2) - Vitor Leão"
            },
            "nomeArea": "Bloco P  (Antigo Pav 8)",
            "nomeSala": "Lab. 04 Eletrônica",
            "total_alocacoes": 0,
            "total_horarios": 0,
            "total_salas": 0
        },
        "125": {
            "horarios": {
                "07:50": "9821 - Elet. Analógica (G1) - Diego Oliveira",
                "18:40": "5942 - Eletrônica Digital (T) - Letícia Lessa"
            },
            "nomeArea": "Bloco P  (Antigo Pav 8)",
            "nomeSala": "Lab. 05 Eletrônica",
            "total_alocacoes": 0,
            "total_horarios": 0,
            "total_salas": 0
        },
        "126": {
            "horarios": {
                "07:00": "9821 - Elet. Analógica - Diego Cardoso",
                "20:20": "2932 - Eletrônica (T) - Diego Cardoso"
            },
            "nomeArea": "Bloco P  (Antigo Pav 8)",
            "nomeSala": "Lab. 06",
            "total_alocacoes": 0,
            "total_horarios": 0,
            "total_salas": 0
        },
        "127": {
            "horarios": {
                "18:40": "9942 - TRT (P) - César Eduardo"
            },
            "nomeArea": "Bloco P  (Antigo Pav 8)",
            "nomeSala": "Lab. 07 Eletrônica",
            "total_alocacoes": 0,
            "total_horarios": 0,
            "total_salas": 0
        },
        "128": {
            "horarios": {
                "07:50": "9821 - Elet. Analógica (G2) - Josemir Alexandrino",
                "18:40": "2942 - Eltn. Ind - Carlos Henrique"
            },
            "nomeArea": "Bloco P  (Antigo Pav 8)",
            "nomeSala": "Lab. 08 Eletrônica",
            "total_alocacoes": 0,
            "total_horarios": 0,
            "total_salas": 0
        },
        "129": {
            "horarios": {},
            "nomeArea": "Bloco P  (Antigo Pav 8)",
            "nomeSala": "Lab. 09 Eletrônica",
            "total_alocacoes": 0,
            "total_horarios": 0,
            "total_salas": 0
        },
        "13": {
            "horarios": {
                "08:40": "Turma:8831 profª Rita Cerqueira - química",
                "10:20": "Turma:8832 profª Rita Cerqueira - química",
                "12:50": "T:2811 profº Georges",
                "13:40": "1831 - Filosofia - Maria Saievicz",
                "18:40": "13762 - SMS - Mara Souza",
                "20:20": "3932 - SMS - Mara Souza"
            },
            "nomeArea": "Bloco B (Antigo Pav 1)",
            "nomeSala": "B-109(S 04) (35)",
            "total_alocacoes": 0,
            "total_horarios": 0,
            "total_salas": 0
        },
        "130": {
            "horarios": {
                "18:40": "9922 - SMP (G1) - Raimundo Jorge"
            },
            "nomeArea": "Bloco P  (Antigo Pav 8)",
            "nomeSala": "Lab. 10 Eletrônica",
            "total_alocacoes": 0,
            "total_horarios": 0,
            "total_salas": 0
        },
        "131": {
            "horarios": {},
            "nomeArea": "Bloco P  (Antigo Pav 8)",
            "nomeSala": "Lab. 12",
            "total_alocacoes": 0,
            "total_horarios": 0,
            "total_salas": 0
        },
        "132": {
            "horarios": {},
            "nomeArea": "Bloco P  (Antigo Pav 8)",
            "nomeSala": "P-102 Lab de Autocad",
            "total_alocacoes": 0,
            "total_horarios": 0,
            "total_salas": 0
        },
        "133": {
            "horarios": {
                "18:40": "ENG404 T01 - Maria das Graças"
            },
            "nomeArea": "Bloco P  (Antigo Pav 8)",
            "nomeSala": "P-103 (Coordenação) (30)",
            "total_alocacoes": 0,
            "total_horarios": 0,
            "total_salas": 0
        },
        "134": {
            "horarios": {},
            "nomeArea": "Bloco P  (Antigo Pav 8)",
            "nomeSala": "DSPLAB",
            "total_alocacoes": 0,
            "total_horarios": 0,
            "total_salas": 0
        },
        "135": {
            "horarios": {
                "18:40": "3922 - GH2 - Paula Mara"
            },
            "nomeArea": "Bloco P  (Antigo Pav 8)",
            "nomeSala": "Lab Turismo (P-104)",
            "total_alocacoes": 0,
            "total_horarios": 0,
            "total_salas": 0
        },
        "136": {
            "horarios": {
                "08:40": "10811 - MIN (P1) - Adriana Sanches",
                "13:40": "EVE108 T01 - Glauria Janaina",
                "17:00": "EVE107 T01 - Paula Mara"
            },
            "nomeArea": "Bloco P  (Antigo Pav 8)",
            "nomeSala": "Lab. de Geoproc",
            "total_alocacoes": 0,
            "total_horarios": 0,
            "total_salas": 0
        },
        "137": {
            "horarios": {
                "08:40": "10821 - PSE (G1) - Leanize Teixeira",
                "15:20": "10811 - MIN (P4) - Adriana Sanches"
            },
            "nomeArea": "Bloco P  (Antigo Pav 8)",
            "nomeSala": "Lab. de Mineralogia",
            "total_alocacoes": 0,
            "total_horarios": 0,
            "total_salas": 0
        },
        "138": {
            "horarios": {
                "10:20": "10811 - MIN (P2) -  Adriana Sanches",
                "13:40": "10811 - MIN (P3) -  Adriana Sanches"
            },
            "nomeArea": "Bloco P  (Antigo Pav 8)",
            "nomeSala": "Lab. de Petrog",
            "total_alocacoes": 0,
            "total_horarios": 0,
            "total_salas": 0
        },
        "139": {
            "horarios": {},
            "nomeArea": "Labs Automação",
            "nomeSala": "Lab de Automação",
            "total_alocacoes": 0,
            "total_horarios": 0,
            "total_salas": 0
        },
        "14": {
            "horarios": {
                "10:20": "1832 - Filosofia - Jeudy Aragão",
                "13:40": "Atendimento 5821 - Matemática - Prof. Vitor Rios",
                "15:20": "1831 - Sist. Estruturais - Adriano Fortes",
                "17:00": "EST231 T01 - Norma Souza",
                "18:40": "6841 - Biologia - Jeferson Coutinho",
                "20:20": "6841 - Geografia - Clebson Costa"
            },
            "nomeArea": "Bloco B (Antigo Pav 1)",
            "nomeSala": "B-110(S 05) (50)",
            "total_alocacoes": 0,
            "total_horarios": 0,
            "total_salas": 0
        },
        "140": {
            "horarios": {},
            "nomeArea": "Labs Automação",
            "nomeSala": "Lab de Controle I",
            "total_alocacoes": 0,
            "total_horarios": 0,
            "total_salas": 0
        },
        "141": {
            "horarios": {},
            "nomeArea": "Labs Automação",
            "nomeSala": "Lab de Controle II",
            "total_alocacoes": 0,
            "total_horarios": 0,
            "total_salas": 0
        },
        "142": {
            "horarios": {},
            "nomeArea": "Labs Automação",
            "nomeSala": "Lab de EFC",
            "total_alocacoes": 0,
            "total_horarios": 0,
            "total_salas": 0
        },
        "143": {
            "horarios": {},
            "nomeArea": "Labs Automação",
            "nomeSala": "Lab de Equipamentos",
            "total_alocacoes": 0,
            "total_horarios": 0,
            "total_salas": 0
        },
        "144": {
            "horarios": {
                "17:00": "5841 - IE (T) - Antonio Simões",
                "18:40": "5932 - Gestão da Manut. - Paulo César",
                "20:20": "5932 - Projetos de Automação - Antônio Simões"
            },
            "nomeArea": "Labs Automação",
            "nomeSala": "Lab de MVI",
            "total_alocacoes": 0,
            "total_horarios": 0,
            "total_salas": 0
        },
        "145": {
            "horarios": {},
            "nomeArea": "Labs Automação",
            "nomeSala": "Lab Pró-funcionário",
            "total_alocacoes": 0,
            "total_horarios": 0,
            "total_salas": 0
        },
        "146": {
            "horarios": {},
            "nomeArea": "Labs Informática (1 - 4)",
            "nomeSala": "Lab. 1 (20)",
            "total_alocacoes": 0,
            "total_horarios": 0,
            "total_salas": 0
        },
        "147": {
            "horarios": {
                "13:40": "ESTUDOS ADS",
                "15:20": "1813 - Informática - Jowaner Araújo",
                "20:20": "INF022 P01 - Renato Novais"
            },
            "nomeArea": "Labs Informática (1 - 4)",
            "nomeSala": "Lab. 2 (40)",
            "total_alocacoes": 0,
            "total_horarios": 0,
            "total_salas": 0
        },
        "148": {
            "horarios": {
                "07:00": "9812 - Informática -  Viviane Góes",
                "08:40": "8811 - Informática - Viviane Góes",
                "10:20": "8813 - Informática - Viviane Góes",
                "17:00": "1812 - Informática - Jowaner Araújo",
                "18:40": "INF029 P01 - Renato Lima",
                "20:20": "INF031 T01 - Romilson Sampaio"
            },
            "nomeArea": "Labs Informática (1 - 4)",
            "nomeSala": "Lab. 3 (40)",
            "total_alocacoes": 0,
            "total_horarios": 0,
            "total_salas": 0
        },
        "149": {
            "horarios": {
                "13:40": "Atend. Aluno - André Ferreira",
                "17:00": "INF009 P01 - Flávia Nascimento",
                "18:40": "INF032 T04 - Flávia Nascimento"
            },
            "nomeArea": "Labs Informática (1 - 4)",
            "nomeSala": "Lab. 4 (40)",
            "total_alocacoes": 0,
            "total_horarios": 0,
            "total_salas": 0
        },
        "15": {
            "horarios": {
                "07:00": "6811 - Português - Waleska Moura",
                "08:40": "6811 - História - Lais Viena",
                "10:20": "6811 - Sociologia - Wagner Vinhas",
                "18:40": "ENG416 T01 - Fabiano Campos",
                "20:20": "ENG514 T01 - Luis Filipe"
            },
            "nomeArea": "Bloco B (Antigo Pav 1)",
            "nomeSala": "B-205(S 06) (45)",
            "total_alocacoes": 0,
            "total_horarios": 0,
            "total_salas": 0
        },
        "150": {
            "horarios": {},
            "nomeArea": "Labs Química",
            "nomeSala": "LAB 04",
            "total_alocacoes": 0,
            "total_horarios": 0,
            "total_salas": 0
        },
        "151": {
            "horarios": {
                "07:00": "8813 - Quimica (G1) - Tereza Cristiane",
                "09:30": "8814 - Quimica (G1) - Simone Lima",
                "20:20": "13732 - Química - Joseína Moutinho"
            },
            "nomeArea": "Labs Química",
            "nomeSala": "LAB 05",
            "total_alocacoes": 0,
            "total_horarios": 0,
            "total_salas": 0
        },
        "152": {
            "horarios": {},
            "nomeArea": "Labs Química",
            "nomeSala": "LAB 06",
            "total_alocacoes": 0,
            "total_horarios": 0,
            "total_salas": 0
        },
        "153": {
            "horarios": {},
            "nomeArea": "Labs Química",
            "nomeSala": "LAB 07",
            "total_alocacoes": 0,
            "total_horarios": 0,
            "total_salas": 0
        },
        "154": {
            "horarios": {},
            "nomeArea": "Labs Química",
            "nomeSala": "LAB 08",
            "total_alocacoes": 0,
            "total_horarios": 0,
            "total_salas": 0
        },
        "155": {
            "horarios": {
                "07:00": "8813 - Quimica (G2) - Simone Lima",
                "09:30": "8814 - Quimica (G2) - Walter Gomes"
            },
            "nomeArea": "Labs Química",
            "nomeSala": "LAB 09",
            "total_alocacoes": 0,
            "total_horarios": 0,
            "total_salas": 0
        },
        "156": {
            "horarios": {
                "13:40": "8833 - Química Analítica (G2) - Mônica Cunha",
                "16:10": "8833 - Química Analítica (G1) - Mônica Cunha"
            },
            "nomeArea": "Labs Química",
            "nomeSala": "LAB 10",
            "total_alocacoes": 0,
            "total_horarios": 0,
            "total_salas": 0
        },
        "157": {
            "horarios": {
                "07:00": "8813 - Quimica (G3) - Vitória Soares",
                "09:30": "8814 - Quimica (G3) - Vitória Soares"
            },
            "nomeArea": "Labs Química",
            "nomeSala": "LAB 11",
            "total_alocacoes": 0,
            "total_horarios": 0,
            "total_salas": 0
        },
        "158": {
            "horarios": {},
            "nomeArea": "LAFIR",
            "nomeSala": "LAB. 1",
            "total_alocacoes": 0,
            "total_horarios": 0,
            "total_salas": 0
        },
        "16": {
            "horarios": {
                "10:20": "Profº Acélio -matemática",
                "18:40": "3932 - Inglês - Marcos Fernando",
                "20:20": "MAT217 T03 - Paulo Espinheira"
            },
            "nomeArea": "Bloco B (Antigo Pav 1)",
            "nomeSala": "B-206(S 07) (30)",
            "total_alocacoes": 0,
            "total_horarios": 0,
            "total_salas": 0
        },
        "17": {
            "horarios": {
                "07:00": "10841 - Artes - Guiomar Fontes",
                "08:40": "10841 - SMS - Samara Andrade",
                "18:40": "2912 - Matemática - Norma Oliveira",
                "20:20": "ENG501\tT01 - Maria Aparecida"
            },
            "nomeArea": "Bloco B (Antigo Pav 1)",
            "nomeSala": "B-207(S 08) (35)",
            "total_alocacoes": 0,
            "total_horarios": 0,
            "total_salas": 0
        },
        "18": {
            "horarios": {
                "07:00": "6821 - Geografia - Zenildes Protázio",
                "08:40": "6821 - História - Ludimila Guirra",
                "18:40": "3912 - G. Hotelaria I - Chelly",
                "20:20": "2932 - Eletrônica - Letícia Lessa"
            },
            "nomeArea": "Bloco B (Antigo Pav 1)",
            "nomeSala": "B-208(S 09) (50)",
            "total_alocacoes": 0,
            "total_horarios": 0,
            "total_salas": 0
        },
        "19": {
            "horarios": {
                "08:40": "6812 - Química - Aline Mendes",
                "10:20": "6812 - Matemática - Silvia Costa",
                "12:50": "Alunos Surdos",
                "15:20": "9841 - TCM - Luiz Anselmo",
                "17:00": "9841 - Geografia - Ubiraci Carlúcio",
                "18:40": "9841 - AEC - Carlos Anibal",
                "20:20": "9841 - ONQ - Josafá Coelho"
            },
            "nomeArea": "Bloco B (Antigo Pav 1)",
            "nomeSala": "B-209(S 10) (50)",
            "total_alocacoes": 0,
            "total_horarios": 0,
            "total_salas": 0
        },
        "2": {
            "horarios": {},
            "nomeArea": "Bloco A (Prédio Adm.)",
            "nomeSala": "A-211",
            "total_alocacoes": 0,
            "total_horarios": 0,
            "total_salas": 0
        },
        "20": {
            "horarios": {},
            "nomeArea": "Bloco D (Antigo Pav 2)",
            "nomeSala": "D-007 Lab Topografia",
            "total_alocacoes": 0,
            "total_horarios": 0,
            "total_salas": 0
        },
        "21": {
            "horarios": {
                "14:30": "1821 - Topografia (G2) - Aristides Filho",
                "15:20": "1822 - Mat. Const. (G2) - Jenner Carvalho",
                "18:40": "13742 - Topografia - Raimundo César",
                "20:20": "13772 - Proj. O. Saneamento - Raimundo Cruz"
            },
            "nomeArea": "Bloco D (Antigo Pav 2)",
            "nomeSala": "D-008 Lab Solos",
            "total_alocacoes": 0,
            "total_horarios": 0,
            "total_salas": 0
        },
        "22": {
            "horarios": {
                "13:40": "1811 - Mat. Const. - Rogério Menezes",
                "17:00": "1832 - Mec. Solos - Rogério Menezes",
                "18:40": "13732 - Introdução Hidra - Jorge Chaves",
                "20:20": "13752 - Proj. Obras S Amb - Jorge Chaves"
            },
            "nomeArea": "Bloco D (Antigo Pav 2)",
            "nomeSala": "D-010 Lab Ensaios",
            "total_alocacoes": 0,
            "total_horarios": 0,
            "total_salas": 0
        },
        "23": {
            "horarios": {
                "13:40": "1822 - Mat. Const. (G1) - Jenner Carvalho",
                "15:20": "1841 - TCC - Maria do Carmo Baltar",
                "16:10": "1811 - Sociologia - Substituto",
                "19:30": "8841 - OPU - Márcia Queiroz"
            },
            "nomeArea": "Bloco D (Antigo Pav 2)",
            "nomeSala": "D-101  Audio I (60)",
            "total_alocacoes": 0,
            "total_horarios": 0,
            "total_salas": 0
        },
        "24": {
            "horarios": {
                "14:30": "1821 - Desenho Arq. (G1) - Leandro Souza"
            },
            "nomeArea": "Bloco D (Antigo Pav 2)",
            "nomeSala": "D-102(S 01) (35)",
            "total_alocacoes": 0,
            "total_horarios": 0,
            "total_salas": 0
        },
        "25": {
            "horarios": {
                "07:00": "11821 - Filosofia - Ronaldo Pimentel",
                "08:40": "11821 - História - Virlene Moreira",
                "10:20": "11821 - Geografia - Ana Paula Anunciação",
                "11:10": "2813 - Filosofia - Maria Saievicz",
                "13:40": "1841 - Conc. de Empreend. - Ubiratan Félix",
                "15:20": "1842 - Conc. de Empreend. - Ubiratan Félix",
                "17:00": "1811 - Física - Isabelle Priscila",
                "17:50": "6841 - Filosofia -Tiago Medeiros",
                "18:40": "FIS211 T01 - Ebenezer Cavalcanti",
                "20:20": "QUI517 T01 - Marcia Bispo"
            },
            "nomeArea": "Bloco D (Antigo Pav 2)",
            "nomeSala": "D-105(S 02) (35)",
            "total_alocacoes": 0,
            "total_horarios": 0,
            "total_salas": 0
        },
        "26": {
            "horarios": {
                "08:40": "11822 - Geografia - Zenildes Protázio",
                "10:20": "11822 - Física - Marcus Fernandes",
                "13:40": "1821 - Português - Elisângela Passos",
                "15:20": "9831 - ELETR  POT - Carlos Anibal",
                "16:10": "2842 - Sociologia - Luis Antônio",
                "17:00": "1821 - Quimica - Joseína Moutinho",
                "18:40": "13722 - Matemática - Acélio Rodrigues",
                "20:20": "3922 - EDP - Chelly"
            },
            "nomeArea": "Bloco D (Antigo Pav 2)",
            "nomeSala": "D-106(S 03) (40)",
            "total_alocacoes": 0,
            "total_horarios": 0,
            "total_salas": 0
        },
        "27": {
            "horarios": {
                "07:00": "5812 - Física - Fábio Paiva",
                "08:40": "5812 - Português - Waleska Moura",
                "09:30": "9821 - Física - Gilmar Melo",
                "10:20": "5812 - Int Aut - Paulo César",
                "13:40": "1842 - TCC - Maria do Carmo Baltar",
                "15:20": "1812 - Português - Wesley Correia",
                "17:00": "8841 - Geografia - Patricia de Freitas",
                "18:40": "8841 - COR - Márcia Queiroz",
                "20:20": "8841 - Biologia - Jeferson Coutinho"
            },
            "nomeArea": "Bloco D (Antigo Pav 2)",
            "nomeSala": "D-107(S 04) (40)",
            "total_alocacoes": 0,
            "total_horarios": 0,
            "total_salas": 0
        },
        "28": {
            "horarios": {
                "07:50": "5813 - Filosofia - Daila Ataide",
                "10:20": "9813 - Eletrônica - Diego Cardoso",
                "13:40": "9831 - Português - Erika Fonseca",
                "17:00": "1822 - Física - José Claudio",
                "18:40": "5912 - Matemática - Patrícia Fernandes",
                "20:20": "MAT204 T01 - Márcia Guariente"
            },
            "nomeArea": "Bloco D (Antigo Pav 2)",
            "nomeSala": "D-108(S 05) (40)",
            "total_alocacoes": 0,
            "total_horarios": 0,
            "total_salas": 0
        },
        "29": {
            "horarios": {
                "07:00": "2811 - Português - Manuela Peixinho",
                "08:40": "2811 - Matemática - Cecília Almeida",
                "10:20": "2811 - História - Vera Nathália",
                "13:40": "1812 - Física - José Claudio",
                "15:20": "6831 - História - Vanderlei Marinho",
                "17:00": "11841 - Automação (G1) - Sylvio",
                "18:40": "11841 - Biologia - Taiara Aguiar",
                "20:20": "ADM510 T01 - Eduardo Seixas"
            },
            "nomeArea": "Bloco D (Antigo Pav 2)",
            "nomeSala": "D-109(S 06) (40)",
            "total_alocacoes": 0,
            "total_horarios": 0,
            "total_salas": 0
        },
        "3": {
            "horarios": {},
            "nomeArea": "Bloco A (Prédio Adm.)",
            "nomeSala": "A-308 (40)",
            "total_alocacoes": 0,
            "total_horarios": 0,
            "total_salas": 0
        },
        "30": {
            "horarios": {
                "07:00": "8811 - Química (T) - Viviana Rocha",
                "08:40": "2813 - Matemática - Florêncio Filho",
                "10:20": "2813 - Sociologia - Alberto Neto",
                "13:40": "2832 - Física - Igor Leonardo",
                "15:20": "1832 - Tec Constr - Élvio Guimarães",
                "17:00": "6841 - Sociologia - Substituto",
                "18:40": "LET111 T03 - José Roberto",
                "20:20": "2922 - Sociologia  - Luis Antonio"
            },
            "nomeArea": "Bloco D (Antigo Pav 2)",
            "nomeSala": "D-110(S 07) (40)",
            "total_alocacoes": 0,
            "total_horarios": 0,
            "total_salas": 0
        },
        "31": {
            "horarios": {
                "10:20": "8811 - Português - Érika Fonseca",
                "13:40": "6831 - Sociologia - Wagner Vinhas",
                "17:00": "6831 - Filosofia - Maria Saievicz",
                "18:40": "2842 - Filosofia - Saulo Assis",
                "20:20": "6912 - Matemática - Norma Oliveira"
            },
            "nomeArea": "Bloco D (Antigo Pav 2)",
            "nomeSala": "D-111(S 08) (35)",
            "total_alocacoes": 0,
            "total_horarios": 0,
            "total_salas": 0
        },
        "32": {
            "horarios": {
                "07:00": "5813 - Sociologia - Wagner Vinhas",
                "08:40": "5813 - Física - Marcus Fernandes",
                "10:20": "5813 - Química - Tereza Cristiane",
                "13:40": "1832 - Sist. Estruturais - Adriano Fortes",
                "17:00": "MAT223 T04 - Patricia Fernandes",
                "18:40": "MAT234 T01 - Daniela Cunha",
                "20:20": "ADM531 T01 - Claudio Mello"
            },
            "nomeArea": "Bloco D (Antigo Pav 2)",
            "nomeSala": "D-112(S 09) (40)",
            "total_alocacoes": 0,
            "total_horarios": 0,
            "total_salas": 0
        },
        "33": {
            "horarios": {
                "07:00": "5811 - Int. Aut - Paulo César",
                "08:40": "5811 - História - Erivaldo Nunes",
                "10:20": "5811 - Física - Rafael Nascimento",
                "13:40": "2812 - Artes - Guiomar Fontes",
                "15:20": "2831 - História - Vera Nathália",
                "17:00": "5832 - Filosofia - Jeudy Aragão",
                "18:40": "MAT233 T01 - Reinaldo Lima",
                "20:20": "HUM101\tT01 - Daniel Romero"
            },
            "nomeArea": "Bloco D (Antigo Pav 2)",
            "nomeSala": "D-201(S 10) (60)",
            "total_alocacoes": 0,
            "total_horarios": 0,
            "total_salas": 0
        },
        "34": {
            "horarios": {
                "10:20": "9821 - Filosofia - Tiago Medeiros",
                "12:50": "Turma:1813 profª Tereza - química",
                "13:40": "2831 - Física - Alisson Costa",
                "17:00": "2842 - Geografia - Sandra Freitas",
                "18:40": "HUM151\tT01 - Daniel Romero",
                "20:20": "6922- SMS - Armando Tanimoto"
            },
            "nomeArea": "Bloco D (Antigo Pav 2)",
            "nomeSala": "D-202(S 11) (40)",
            "total_alocacoes": 0,
            "total_horarios": 0,
            "total_salas": 0
        },
        "35": {
            "horarios": {
                "10:20": "6822 - Física - Igor Leonardo",
                "17:00": "2831 - Matemática - Cleide Brasil",
                "18:40": "HUM100 T02 - Maria Lucileide",
                "20:20": "5912 - Desenho Técnico (G2) - Gustavo Leal"
            },
            "nomeArea": "Bloco D (Antigo Pav 2)",
            "nomeSala": "D-205 (Desenho) (25)",
            "total_alocacoes": 0,
            "total_horarios": 0,
            "total_salas": 0
        },
        "36": {
            "horarios": {
                "08:40": "2812 - Desenho (G1) - Ana Paula Cordeiro",
                "10:20": "2812 - Desenho (G2) - Ana Paula Cordeiro",
                "18:40": "9912 - Desenho (G2) - Gustavo Leal"
            },
            "nomeArea": "Bloco D (Antigo Pav 2)",
            "nomeSala": "D-206 (Desenho) (25)",
            "total_alocacoes": 0,
            "total_horarios": 0,
            "total_salas": 0
        },
        "37": {
            "horarios": {
                "07:00": "6822 - Desenho (G1) - Justo Salazar",
                "08:40": "6822 - Desenho (G2) - Justo Salazar"
            },
            "nomeArea": "Bloco D (Antigo Pav 2)",
            "nomeSala": "D-207 (Desenho) (25)",
            "total_alocacoes": 0,
            "total_horarios": 0,
            "total_salas": 0
        },
        "38": {
            "horarios": {
                "08:40": "11811 - Desenho (G1) - Cláudio Mário",
                "10:20": "11811 - Desenho (G2) - Claudio Mario",
                "13:40": "9812 - Desenho (G2) - José Augusto",
                "18:40": "9912 - Desenho (G1) - Sinval Sacramento",
                "20:20": "5912 - Desenho Técnico (G1) - Sinval Sacramento"
            },
            "nomeArea": "Bloco D (Antigo Pav 2)",
            "nomeSala": "D-208 (Desenho) (24)",
            "total_alocacoes": 0,
            "total_horarios": 0,
            "total_salas": 0
        },
        "39": {
            "horarios": {
                "07:00": "9813 - Desenho (G1) - Gustavo Leal",
                "08:40": "9813 - Desenho (G2) - Gustavo Ale",
                "10:20": "9812 - Desenho (G1) - José Augusto"
            },
            "nomeArea": "Bloco D (Antigo Pav 2)",
            "nomeSala": "D-209 (Desenho) (30)",
            "total_alocacoes": 0,
            "total_horarios": 0,
            "total_salas": 0
        },
        "4": {
            "horarios": {
                "18:40": "MAT217 T01 - Paulo Espinheira"
            },
            "nomeArea": "Bloco A (Prédio Adm.)",
            "nomeSala": "Sala Reuniões DG",
            "total_alocacoes": 0,
            "total_horarios": 0,
            "total_salas": 0
        },
        "40": {
            "horarios": {},
            "nomeArea": "Bloco D (Antigo Pav 2)",
            "nomeSala": "D-210 (LAB Anat. e Biol.)",
            "total_alocacoes": 0,
            "total_horarios": 0,
            "total_salas": 0
        },
        "41": {
            "horarios": {},
            "nomeArea": "Bloco E (Eletrotécnica)",
            "nomeSala": "E-005 Lab Man. Elétrica",
            "total_alocacoes": 0,
            "total_horarios": 0,
            "total_salas": 0
        },
        "42": {
            "horarios": {
                "18:40": "2922 - Mecânica (G1) - Ilder Bastos"
            },
            "nomeArea": "Bloco E (Eletrotécnica)",
            "nomeSala": "E-006 Lab Inst Elétricas",
            "total_alocacoes": 0,
            "total_horarios": 0,
            "total_salas": 0
        },
        "43": {
            "horarios": {},
            "nomeArea": "Bloco E (Eletrotécnica)",
            "nomeSala": "E-007 Lab Com. Elétricos",
            "total_alocacoes": 0,
            "total_horarios": 0,
            "total_salas": 0
        },
        "44": {
            "horarios": {
                "13:40": "11832 - Eletrotécnica (G1) - Rafael Santana",
                "18:40": "2841 - Eletrônica Geral (T) - Diego Cardoso"
            },
            "nomeArea": "Bloco E (Eletrotécnica)",
            "nomeSala": "E-008 Lab Máq. Elétricas",
            "total_alocacoes": 0,
            "total_horarios": 0,
            "total_salas": 0
        },
        "45": {
            "horarios": {},
            "nomeArea": "Bloco E (Eletrotécnica)",
            "nomeSala": "E-009 Lab Tec. Elétrica",
            "total_alocacoes": 0,
            "total_horarios": 0,
            "total_salas": 0
        },
        "46": {
            "horarios": {
                "15:20": "2841 - Geografia - Ricardo Bahia",
                "17:00": "2841 -  Filosofia - Tiago Medeiros",
                "17:50": "2841 - Sociologia - Luis Antônio",
                "18:40": "2932 - Eletrotécnica III - Rafael Santana"
            },
            "nomeArea": "Bloco E (Eletrotécnica)",
            "nomeSala": "E-010 Lab Med. Elétricas",
            "total_alocacoes": 0,
            "total_horarios": 0,
            "total_salas": 0
        },
        "47": {
            "horarios": {
                "18:40": "2922 - MEDIDAS I (G2) - Davi Rêgo"
            },
            "nomeArea": "Bloco E (Eletrotécnica)",
            "nomeSala": "E-011 Lab de Automação",
            "total_alocacoes": 0,
            "total_horarios": 0,
            "total_salas": 0
        },
        "48": {
            "horarios": {},
            "nomeArea": "Bloco E (Eletrotécnica)",
            "nomeSala": "E-103 - Áudio-Geografia (35)",
            "total_alocacoes": 0,
            "total_horarios": 0,
            "total_salas": 0
        },
        "49": {
            "horarios": {},
            "nomeArea": "Bloco F (Física)",
            "nomeSala": "F-005 (45)",
            "total_alocacoes": 0,
            "total_horarios": 0,
            "total_salas": 0
        },
        "5": {
            "horarios": {},
            "nomeArea": "Bloco B (Antigo Pav 1)",
            "nomeSala": "B-003 LEMAT (10)",
            "total_alocacoes": 0,
            "total_horarios": 0,
            "total_salas": 0
        },
        "50": {
            "horarios": {
                "09:30": "8813 - Química I (T) - Viviana Rocha",
                "10:20": "6821 - Física - Alisson Costa",
                "13:40": "1813 - Química - Tereza Cristiane",
                "17:00": "1813 - Português - Gisélia Evangelista",
                "18:40": "ENG411 T01 - Leonardo Notz",
                "20:20": "13742 - Biologia - Taiara Aguiar"
            },
            "nomeArea": "Bloco F (Física)",
            "nomeSala": "F-006 (40)",
            "total_alocacoes": 0,
            "total_horarios": 0,
            "total_salas": 0
        },
        "51": {
            "horarios": {
                "10:20": "10821 - Química - Aline Mendes",
                "13:40": "8831 - Sociologia - Substituto",
                "15:20": "8831 - Física - Eliana Alcântara",
                "20:20": "FIS215 T01 - Raimundo Nonato"
            },
            "nomeArea": "Bloco F (Física)",
            "nomeSala": "F-007 (Áudio) (48)",
            "total_alocacoes": 0,
            "total_horarios": 0,
            "total_salas": 0
        },
        "52": {
            "horarios": {},
            "nomeArea": "Bloco G (Canteiro de Obras)",
            "nomeSala": "G-001 Lab Hidráulica",
            "total_alocacoes": 0,
            "total_horarios": 0,
            "total_salas": 0
        },
        "53": {
            "horarios": {},
            "nomeArea": "Bloco G (Canteiro de Obras)",
            "nomeSala": "G-002 Lab Informática",
            "total_alocacoes": 0,
            "total_horarios": 0,
            "total_salas": 0
        },
        "54": {
            "horarios": {
                "13:30": "1822 - DAC (G2) - Michelle dos Anjos",
                "15:00": "+"
            },
            "nomeArea": "Bloco G (Canteiro de Obras)",
            "nomeSala": "G-003 Sl Desenho",
            "total_alocacoes": 0,
            "total_horarios": 0,
            "total_salas": 0
        },
        "55": {
            "horarios": {},
            "nomeArea": "Bloco G (Canteiro de Obras)",
            "nomeSala": "G-004 Lab de Águas",
            "total_alocacoes": 0,
            "total_horarios": 0,
            "total_salas": 0
        },
        "56": {
            "horarios": {},
            "nomeArea": "Bloco G (Canteiro de Obras)",
            "nomeSala": "PISA",
            "total_alocacoes": 0,
            "total_horarios": 0,
            "total_salas": 0
        },
        "57": {
            "horarios": {},
            "nomeArea": "Bloco G (Canteiro de Obras)",
            "nomeSala": "G-005 Lab Elétrica",
            "total_alocacoes": 0,
            "total_horarios": 0,
            "total_salas": 0
        },
        "58": {
            "horarios": {},
            "nomeArea": "Bloco H (Mecânica)",
            "nomeSala": "Automação Hidráulica (15)",
            "total_alocacoes": 0,
            "total_horarios": 0,
            "total_salas": 0
        },
        "59": {
            "horarios": {
                "18:40": "6942 - Manutenção II - Valdir Garcia",
                "20:20": "ENG307 T01 - João Barbosa"
            },
            "nomeArea": "Bloco H (Mecânica)",
            "nomeSala": "Lab. Informática (20)",
            "total_alocacoes": 0,
            "total_horarios": 0,
            "total_salas": 0
        },
        "6": {
            "horarios": {
                "18:40": "MAT239 T01 - Anete Cruz",
                "20:20": "MAT236 T01 - Daniela Cunha"
            },
            "nomeArea": "Bloco B (Antigo Pav 1)",
            "nomeSala": "Lab de Cartografia (35)",
            "total_alocacoes": 0,
            "total_horarios": 0,
            "total_salas": 0
        },
        "60": {
            "horarios": {
                "13:40": "11832 - PAC (G1) - Luana Orlandini",
                "15:20": "11832 - PAC (G2) - Luana Orlandini",
                "20:20": "MCO302 T01 - Moacir Bispo"
            },
            "nomeArea": "Bloco H (Mecânica)",
            "nomeSala": "Lab. Refrigeração (25)",
            "total_alocacoes": 0,
            "total_horarios": 0,
            "total_salas": 0
        },
        "61": {
            "horarios": {
                "20:20": "ENG301 P01 - Mirtânia Leão"
            },
            "nomeArea": "Bloco H (Mecânica)",
            "nomeSala": "Metalografia (25)",
            "total_alocacoes": 0,
            "total_horarios": 0,
            "total_salas": 0
        },
        "62": {
            "horarios": {
                "07:00": "6822 - Tec. Mat (G2) - Moacir",
                "08:40": "6822 - Tec. Mat (G1) - Moacir Bispo",
                "16:10": "11841 - Man. Sist. Term. (G2) - Antônio Gabriel",
                "18:40": "ENG302 P01 - Mirtânia Leão"
            },
            "nomeArea": "Bloco H (Mecânica)",
            "nomeSala": "Oficina de Refrigeração",
            "total_alocacoes": 0,
            "total_horarios": 0,
            "total_salas": 0
        },
        "63": {
            "horarios": {},
            "nomeArea": "Bloco H (Mecânica)",
            "nomeSala": "Oficina de Soldagem",
            "total_alocacoes": 0,
            "total_horarios": 0,
            "total_salas": 0
        },
        "64": {
            "horarios": {
                "17:00": "ENG330 T01 - Luana Orlandini",
                "19:30": "5841 - Filosofia - Saulo Assis",
                "20:20": "ENG340 T01 - João Barbosa"
            },
            "nomeArea": "Bloco H (Mecânica)",
            "nomeSala": "Órtese/Prótese (35)",
            "total_alocacoes": 0,
            "total_horarios": 0,
            "total_salas": 0
        },
        "65": {
            "horarios": {
                "17:00": "ENG328 T01 - Mario Cezar",
                "18:40": "6932 - Inspeção de Equipamentos - Luana Orlandini"
            },
            "nomeArea": "Bloco H (Mecânica)",
            "nomeSala": "Sala 5 - DATM (20)",
            "total_alocacoes": 0,
            "total_horarios": 0,
            "total_salas": 0
        },
        "66": {
            "horarios": {
                "18:40": "ENG316 T01 - Paulo Cesar",
                "20:20": "ENG317 T01 - Antonio Bitencourt"
            },
            "nomeArea": "Bloco H (Mecânica)",
            "nomeSala": "Automação Pneumática (15)",
            "total_alocacoes": 0,
            "total_horarios": 0,
            "total_salas": 0
        },
        "67": {
            "horarios": {
                "17:50": "8842 - ONQ - Carlos Alberto",
                "20:20": "ENG323 T01 - Ivan da Costa"
            },
            "nomeArea": "Bloco H (Mecânica)",
            "nomeSala": "Sala de CNC (10)",
            "total_alocacoes": 0,
            "total_horarios": 0,
            "total_salas": 0
        },
        "68": {
            "horarios": {
                "07:00": "6812 - El. Máquinas - José Fernando",
                "08:40": "6813 - El. Máquinas - José Fernando",
                "18:40": "6922 - Máquinas Térmicas e Fluxo - Francisco Souza",
                "20:20": "ENG308 T01 - Antonio Bitencourt"
            },
            "nomeArea": "Bloco H (Mecânica)",
            "nomeSala": "Sala de Fabricação",
            "total_alocacoes": 0,
            "total_horarios": 0,
            "total_salas": 0
        },
        "69": {
            "horarios": {
                "17:00": "ENG309 T01 - Mário Cezar",
                "18:40": "ENG319 T01 - Eduardo Santana",
                "20:20": "ENG315 T01 - Mario Cezar"
            },
            "nomeArea": "Bloco H (Mecânica)",
            "nomeSala": "Sala de Fresagem/Torneari (40)",
            "total_alocacoes": 0,
            "total_horarios": 0,
            "total_salas": 0
        },
        "7": {
            "horarios": {
                "18:40": "GEO105\tT01 - Ricardo Bahia",
                "20:20": "GEO109 - Ricardo Bahia"
            },
            "nomeArea": "Bloco B (Antigo Pav 1)",
            "nomeSala": "Lab de Geografia Fisica (35)",
            "total_alocacoes": 0,
            "total_horarios": 0,
            "total_salas": 0
        },
        "70": {
            "horarios": {
                "07:00": "6812 - Man I - Marcos César",
                "17:00": "ENG311 - T01 - Luana Orlandini",
                "18:40": "ENG324 - Sylvio Laurante",
                "20:20": "11841 - Confort. (G1) - Luanda Kivia"
            },
            "nomeArea": "Bloco H (Mecânica)",
            "nomeSala": "Lab. de Metrologia (20)",
            "total_alocacoes": 0,
            "total_horarios": 0,
            "total_salas": 0
        },
        "71": {
            "horarios": {
                "08:40": "6813 - MAN I - Marcos Cesar",
                "17:00": "ENG314 T01 - Antonio Bitencourt",
                "18:40": "ENG303 T01 - João Barbosa",
                "20:20": "11841 - Inst. Bal. - (G2) - Antônio Gabriel"
            },
            "nomeArea": "Bloco H (Mecânica)",
            "nomeSala": "Sala de Refrigeração (40)",
            "total_alocacoes": 0,
            "total_horarios": 0,
            "total_salas": 0
        },
        "72": {
            "horarios": {
                "13:40": "6832 - Refrigeração - Eduardo Luís",
                "15:20": "11832 - Eletrotécnica (G2) - Rafael Santana",
                "18:40": "5841 - Sociologia - Substituto"
            },
            "nomeArea": "Bloco H (Mecânica)",
            "nomeSala": "Sala de Tecnologia Mecân (40)",
            "total_alocacoes": 0,
            "total_horarios": 0,
            "total_salas": 0
        },
        "73": {
            "horarios": {},
            "nomeArea": "Bloco K (Biblioteca)",
            "nomeSala": "K-106 (30)",
            "total_alocacoes": 0,
            "total_horarios": 0,
            "total_salas": 0
        },
        "74": {
            "horarios": {
                "07:00": "8821 - Matemática - Vitor Rios",
                "08:40": "8821 - Sociologia - Rogério Lustosa",
                "09:30": "9822 - Português para Surdos - Alexandra Calixto",
                "10:20": "8821 - Física - Elinoel Valverde",
                "11:10": "8821 - Português - Solange Santana",
                "15:20": "Monitoria - Lógica de Programação",
                "17:50": "Mestrado - PPGEM",
                "18:40": "LET116 T01 - Itamaray Nascimento",
                "20:20": "ENG422 T01 - Emerson Valci"
            },
            "nomeArea": "Bloco K (Biblioteca)",
            "nomeSala": "K-107 (11)",
            "total_alocacoes": 0,
            "total_horarios": 0,
            "total_salas": 0
        },
        "75": {
            "horarios": {
                "09:30": "T:8814 profª Vitória Soares - Química Geral e Analítica",
                "10:20": "9832 - Português para surdos - Alessandra Calixto",
                "17:00": "ENG509 T01 - Laio Damasceno",
                "18:40": "QUI541 T01 - Ana Luisa Carvalho",
                "20:20": "ENG465 T01 - Maria das Graças"
            },
            "nomeArea": "Bloco K (Biblioteca)",
            "nomeSala": "K-110 (20)",
            "total_alocacoes": 0,
            "total_horarios": 0,
            "total_salas": 0
        },
        "76": {
            "horarios": {
                "08:40": "2812(G2)/ 9813(G1)/ 11811(G2) - Monitoria de Matemática - Délis",
                "10:20": "2812(G1)/ 9812(G2)/ 11811(G1) - Monitoria de Matemática - Délis",
                "13:40": "9812(G1) / 9813(G2) - Monitoria de Matemática - Delis",
                "15:20": "Atendimento Geral - Monitoria de Matemática - Chel",
                "17:00": "ENG547 T01 - Carlos Suffredini",
                "18:40": "FIS216 T01 - Eliana Alcantara",
                "20:20": "GEO121\tT01 - Hingryd Freitas"
            },
            "nomeArea": "Bloco K (Biblioteca)",
            "nomeSala": "K-111 (20)",
            "total_alocacoes": 0,
            "total_horarios": 0,
            "total_salas": 0
        },
        "77": {
            "horarios": {
                "07:00": "T:8813 profª Vitória Soares - Química Geral e Analítica",
                "13:40": "Atendimento Geral - Monitoria de Matemática - Chel",
                "15:20": "Atendimento Geral - Monitoria de Matemática - Delis",
                "18:40": "GEO124 T01 - Ubiraci Carlucio",
                "20:20": "GEO123 T01 - Ubiraci Carlucio"
            },
            "nomeArea": "Bloco K (Biblioteca)",
            "nomeSala": "K-112 (20)",
            "total_alocacoes": 0,
            "total_horarios": 0,
            "total_salas": 0
        },
        "78": {
            "horarios": {
                "07:00": "Turmas: 8813 e 8814 - profª Simone- química",
                "08:40": "Monitoria de Português - Iverton José",
                "15:20": "Monitoria de Cálculo I - Moisés Sena",
                "17:00": "ENG436 T01 - Cristina Abreu",
                "18:40": "GEO131 T01 - Severiano Joseh",
                "20:20": "QUI520 T01 - Aldemiro Palma"
            },
            "nomeArea": "Bloco K (Biblioteca)",
            "nomeSala": "K-114 (10)",
            "total_alocacoes": 0,
            "total_horarios": 0,
            "total_salas": 0
        },
        "79": {
            "horarios": {
                "15:20": "Monitoria de Álgebra Linear - Felipe Menezes",
                "18:40": "GEO111 T01 -  Hingryd Freitas"
            },
            "nomeArea": "Bloco K (Biblioteca)",
            "nomeSala": "K-115 (20)",
            "total_alocacoes": 0,
            "total_horarios": 0,
            "total_salas": 0
        },
        "8": {
            "horarios": {
                "20:20": "GEO118 T01 - Nilton Santana",
                "21:10": "8842 - OPU - Márcia Queiroz"
            },
            "nomeArea": "Bloco B (Antigo Pav 1)",
            "nomeSala": "Lab de Geotecnologia (12)",
            "total_alocacoes": 0,
            "total_horarios": 0,
            "total_salas": 0
        },
        "80": {
            "horarios": {
                "15:20": "Monitoria de Cálculo II - Fabrine Carvalho",
                "18:40": "ENG453 T01 - Emerson Valci"
            },
            "nomeArea": "Bloco K (Biblioteca)",
            "nomeSala": "K-116 (10)",
            "total_alocacoes": 0,
            "total_horarios": 0,
            "total_salas": 0
        },
        "81": {
            "horarios": {},
            "nomeArea": "Bloco L (Metalurgia)",
            "nomeSala": "L-001 LAB ENG. QUÍMICA (10)",
            "total_alocacoes": 0,
            "total_horarios": 0,
            "total_salas": 0
        },
        "82": {
            "horarios": {
                "18:40": "ENG512 T01 - Kan Lin"
            },
            "nomeArea": "Bloco L (Metalurgia)",
            "nomeSala": "L-002 CENT IDIOMAS (40)",
            "total_alocacoes": 0,
            "total_horarios": 0,
            "total_salas": 0
        },
        "83": {
            "horarios": {
                "07:00": "11822 - Inglês (G2) - Maurício Neto",
                "10:20": "5821 - Inglês (G1) - Maurício Neto",
                "15:20": "5832 - Inglês (G1)  - Fábio Magarão",
                "17:00": "LET112 T03 - Erivaldo Marinho",
                "18:40": "LET112 T04 - Erivaldo Marinho",
                "20:20": "LET102 T02 - Luzia Fernandes"
            },
            "nomeArea": "Bloco L (Metalurgia)",
            "nomeSala": "L-003 (Áudio 03) (45)",
            "total_alocacoes": 0,
            "total_horarios": 0,
            "total_salas": 0
        },
        "84": {
            "horarios": {
                "07:00": "11822 - Inglês (G1) - Maria Cristina",
                "10:20": "5821 - Inglês (G2) - Maria Cristina",
                "13:40": "11831 - Inglês (G2) - Antônia Socorro",
                "15:20": "5832 - Inglês (G2)  - Deise Medina",
                "17:00": "LET115 T01 - Luzia Helena",
                "18:40": "6912 - Inglês - Fábio Magarão"
            },
            "nomeArea": "Bloco L (Metalurgia)",
            "nomeSala": "L-004 LEUS/GPEND (10)",
            "total_alocacoes": 0,
            "total_horarios": 0,
            "total_salas": 0
        },
        "85": {
            "horarios": {},
            "nomeArea": "Bloco L (Metalurgia)",
            "nomeSala": "L-010 LAB ENG. QUÍMICA (20)",
            "total_alocacoes": 0,
            "total_horarios": 0,
            "total_salas": 0
        },
        "86": {
            "horarios": {
                "11:10": "8822 - Português - Solange Santana",
                "18:40": "ENG433 T01 - Ivan Costa",
                "20:20": "RAD238 T01 - Isabelle Pinheiro"
            },
            "nomeArea": "Bloco L (Metalurgia)",
            "nomeSala": "L101 (45)",
            "total_alocacoes": 0,
            "total_horarios": 0,
            "total_salas": 0
        },
        "87": {
            "horarios": {
                "12:50": "Profº José Gomes - Português",
                "17:00": "ADM552 T01 - Marcos Carvalho",
                "18:40": "RAD259 T01 - Isabelle Pinheiro",
                "20:20": "MAT225 T01 - Luis Vasquez"
            },
            "nomeArea": "Bloco L (Metalurgia)",
            "nomeSala": "L102 (50)",
            "total_alocacoes": 0,
            "total_horarios": 0,
            "total_salas": 0
        },
        "88": {
            "horarios": {
                "07:00": "8822 - Física - Ricardo Macêdo",
                "08:40": "8822 - História - Antônio Lima",
                "10:20": "8822 - Matemática - Vitor Rios",
                "15:20": "2832 - Português - Alex Batista",
                "17:00": "2832 - História - Vanderlei Marinho",
                "18:40": "ADM521 T01 - Michele Nunes",
                "20:20": "MAT223 T02 - Patricia Fernandes"
            },
            "nomeArea": "Bloco L (Metalurgia)",
            "nomeSala": "L103 (50)",
            "total_alocacoes": 0,
            "total_horarios": 0,
            "total_salas": 0
        },
        "89": {
            "horarios": {
                "07:00": "8823 - História - Virlene Moreira",
                "08:40": "8823 - Física - Rafel Nascimento",
                "10:20": "8823 - Português - José Gomes",
                "17:00": "1841 - Espanhol (G1) - Itamaray Santos",
                "18:40": "MAT222 P01 - Márcia Guariente",
                "20:20": "13712 - Matemática - Acélio Rodrigues"
            },
            "nomeArea": "Bloco L (Metalurgia)",
            "nomeSala": "L104 (Lab Inf 5) (40)",
            "total_alocacoes": 0,
            "total_horarios": 0,
            "total_salas": 0
        },
        "9": {
            "horarios": {
                "18:40": "GEO140 T01 - Nilton Santana"
            },
            "nomeArea": "Bloco B (Antigo Pav 1)",
            "nomeSala": "B-105 (Idiomas) (20)",
            "total_alocacoes": 0,
            "total_horarios": 0,
            "total_salas": 0
        },
        "90": {
            "horarios": {
                "15:20": "EVE118 T01 - Chelly Costa",
                "17:00": "PROFNIT",
                "18:40": "13712 - Int. Ciência - Joseína Moutinho"
            },
            "nomeArea": "Bloco L (Metalurgia)",
            "nomeSala": "L105 (40)",
            "total_alocacoes": 0,
            "total_horarios": 0,
            "total_salas": 0
        },
        "91": {
            "horarios": {
                "08:40": "10831 - Sociologia - Alberto Neto",
                "10:20": "10831 - Química - Marcos Paulo",
                "17:00": "QUI560 T02 - Dilton Sodré",
                "18:40": "ADM518 T01 - Antonio Clodoaldo"
            },
            "nomeArea": "Bloco L (Metalurgia)",
            "nomeSala": "L106 (30)",
            "total_alocacoes": 0,
            "total_horarios": 0,
            "total_salas": 0
        },
        "92": {
            "horarios": {},
            "nomeArea": "Bloco O (Antigo Pav 7)",
            "nomeSala": "O-001 - Lab. de NTS (20)",
            "total_alocacoes": 0,
            "total_horarios": 0,
            "total_salas": 0
        },
        "93": {
            "horarios": {},
            "nomeArea": "Bloco O (Antigo Pav 7)",
            "nomeSala": "O-102  (18)",
            "total_alocacoes": 0,
            "total_horarios": 0,
            "total_salas": 0
        },
        "94": {
            "horarios": {
                "17:50": "5942 - SMS - Armando Tanimoto",
                "20:20": "5942 - OQE - Patrícia Seixas"
            },
            "nomeArea": "Bloco O (Antigo Pav 7)",
            "nomeSala": "O-104 (8)",
            "total_alocacoes": 0,
            "total_horarios": 0,
            "total_salas": 0
        },
        "95": {
            "horarios": {
                "18:40": "ADM507 T01 - Livia Modesto"
            },
            "nomeArea": "Bloco O (Antigo Pav 7)",
            "nomeSala": "O-113(S 01) (40)",
            "total_alocacoes": 0,
            "total_horarios": 0,
            "total_salas": 0
        },
        "96": {
            "horarios": {
                "07:00": "2812 - Física - Alisson Costa",
                "18:40": "ADM500 / ADM520 T03 - Fabio Rossetti.",
                "20:20": "ADM506 T01 - Livia Modesto"
            },
            "nomeArea": "Bloco O (Antigo Pav 7)",
            "nomeSala": "O-114(S 02) (40)",
            "total_alocacoes": 0,
            "total_horarios": 0,
            "total_salas": 0
        },
        "97": {
            "horarios": {
                "07:50": "9822 - Física - Elinoel Valverde",
                "08:40": "8812 - Português - Manuela Peixinho",
                "10:20": "8812 - Física - Ricardo Macêdo",
                "18:40": "MAT227 T02 - Luis Vasquez",
                "20:20": "ADM500 / ADM520 T02 - Fábio Rossetti"
            },
            "nomeArea": "Bloco O (Antigo Pav 7)",
            "nomeSala": "O-115(S 03) (40)",
            "total_alocacoes": 0,
            "total_horarios": 0,
            "total_salas": 0
        },
        "98": {
            "horarios": {
                "07:00": "9811 - Física - Igor Leonardo",
                "10:20": "9811 - Química - Viviana Rocha",
                "13:40": "8832 - Física - Victor Mancir",
                "15:20": "8832 - Filosofia - Daila Ataide",
                "18:40": "5842 - IE (T) - Antônio Simões",
                "20:20": "MAT223  T01 - Reinaldo Lima"
            },
            "nomeArea": "Bloco O (Antigo Pav 7)",
            "nomeSala": "O-116(S 04) (40)",
            "total_alocacoes": 0,
            "total_horarios": 0,
            "total_salas": 0
        },
        "99": {
            "horarios": {
                "07:00": "8814 - História - Laís Viena",
                "08:40": "8814 - Química (T) - Walter Gomes",
                "09:30": "9822 - Português - José Gomes",
                "16:10": "11831 - Matemática - Antônio Magno",
                "17:00": "5842 - Biologia - Taiara Aguiar",
                "18:40": "MAT220 T01 - Dirceu Freitas",
                "20:20": "5842 - Analisadores - Paulo César"
            },
            "nomeArea": "Bloco O (Antigo Pav 7)",
            "nomeSala": "O-117(S 05) (40)",
            "total_alocacoes": 0,
            "total_horarios": 0,
            "total_salas": 0
        },
        "id": 1
    },
    "data": "20191220",
    "target": "http://salas.ifba.edu.br/day.php?year=2019&month=12&day=20&area=10/"
}